0.00, 0.86, 1.21
0.01, 0.86, 1.21
0.02, 0.86, 1.22
0.03, 0.86, 1.22
0.04, 0.87, 1.22
0.05, 0.86, 1.22
0.05, 0.86, 1.21
0.06, 0.85, 1.22
0.07, 0.85, 1.20
0.08, 0.84, 1.20
0.09, 0.85, 1.19
0.10, 0.85, 1.20
0.11, 0.85, 1.20
0.12, 0.86, 1.21
0.13, 0.86, 1.21
0.14, 0.85, 1.21
0.14, 0.88, 1.22
0.15, 0.85, 1.21
0.16, 0.85, 1.22
0.17, 0.83, 1.21
0.18, 0.85, 1.21
0.19, 0.85, 1.21
0.20, 0.86, 1.23
0.21, 0.87, 1.21
0.22, 0.86, 1.22
0.23, 0.86, 1.19
0.23, 0.86, 1.20
0.24, 0.86, 1.20
0.25, 0.86, 1.21
0.26, 0.86, 1.21
0.27, 0.86, 1.21
0.28, 0.86, 1.21
0.29, 0.86, 1.22
0.30, 0.87, 1.22
0.31, 0.87, 1.22
0.32, 0.87, 1.23
0.32, 0.87, 1.22
0.33, 0.87, 1.22
0.34, 0.87, 1.23
0.35, 0.87, 1.23
0.36, 0.87, 1.22
0.37, 0.87, 1.21
0.38, 0.87, 1.22
0.39, 0.87, 1.22
0.40, 0.86, 1.22
0.41, 0.87, 1.22
0.41, 0.87, 1.22
0.42, 0.87, 1.22
0.43, 0.87, 1.22
0.44, 0.87, 1.23
0.45, 0.88, 1.24
0.46, 0.87, 1.23
0.47, 0.88, 1.24
0.48, 0.88, 1.23
0.49, 0.87, 1.23
0.50, 0.87, 1.23
0.50, 0.87, 1.23
0.51, 0.88, 1.24
0.52, 0.88, 1.24
0.53, 0.88, 1.24
0.54, 0.88, 1.25
0.55, 0.89, 1.25
0.56, 0.89, 1.25
0.57, 0.89, 1.25
0.58, 0.89, 1.25
0.59, 0.90, 1.25
0.59, 0.91, 1.26
0.60, 0.91, 1.26
0.61, 0.91, 1.26
0.62, 0.90, 1.26
0.63, 0.90, 1.26
0.64, 0.90, 1.26
0.65, 0.90, 1.26
0.66, 0.91, 1.26
0.67, 0.91, 1.26
0.68, 0.91, 1.26
0.68, 0.90, 1.26
0.69, 0.90, 1.26
0.70, 0.90, 1.26
0.71, 0.90, 1.26
0.72, 0.89, 1.25
0.73, 0.89, 1.25
0.74, 0.89, 1.25
0.75, 0.89, 1.25
0.76, 0.89, 1.25
0.77, 0.89, 1.25
0.77, 0.88, 1.25
0.78, 0.89, 1.25
0.79, 0.89, 1.25
0.80, 0.89, 1.24
0.81, 0.89, 1.25
0.82, 0.89, 1.24
0.83, 0.89, 1.25
0.84, 0.90, 1.25
0.85, 0.90, 1.25
0.86, 0.90, 1.25
0.86, 0.90, 1.25
0.87, 0.90, 1.26
0.88, 0.90, 1.25
0.89, 0.89, 1.25
0.90, 0.90, 1.25
0.91, 0.89, 1.25
0.92, 0.90, 1.26
0.93, 0.92, 1.25
0.94, 0.90, 1.25
0.95, 0.90, 1.25
0.95, 0.90, 1.26
0.96, 0.90, 1.26
0.97, 0.89, 1.26
0.98, 0.90, 1.25
0.99, 0.89, 1.25
1.00, 0.89, 1.25
1.01, 0.89, 1.25
1.02, 0.89, 1.25
1.03, 0.89, 1.25
1.04, 0.90, 1.25
1.05, 0.90, 1.25
1.05, 0.90, 1.25
1.06, 0.90, 1.25
1.07, 0.90, 1.25
1.08, 0.90, 1.25
1.09, 0.90, 1.26
1.10, 0.90, 1.25
1.11, 0.90, 1.25
1.12, 0.90, 1.25
1.13, 0.90, 1.25
1.14, 0.90, 1.25
1.14, 0.90, 1.26
1.15, 0.90, 1.26
1.16, 0.91, 1.26
1.17, 0.90, 1.25
1.18, 0.90, 1.26
1.19, 0.90, 1.26
1.20, 0.90, 1.25
1.21, 0.90, 1.25
1.22, 0.90, 1.26
1.23, 0.90, 1.26
1.23, 0.90, 1.26
1.24, 0.85, 1.25
1.25, 0.89, 1.26
1.26, 0.89, 1.25
1.27, 0.89, 1.38
1.28, 0.89, 1.26
1.29, 0.89, 1.25
1.30, 0.89, 1.25
1.31, 0.89, 1.25
1.32, 0.89, 1.25
1.32, 0.89, 1.24
1.33, 0.90, 1.24
1.34, 0.88, 1.24
1.35, 0.88, 1.24
1.36, 0.86, 1.24
1.37, 0.88, 1.25
1.38, 0.88, 1.24
1.39, 0.88, 1.25
1.40, 0.88, 1.24
1.41, 0.88, 1.25
1.41, 0.89, 1.23
1.42, 0.89, 1.24
1.43, 0.89, 1.25
1.44, 0.89, 1.25
1.45, 0.89, 1.25
1.46, 0.89, 1.25
1.47, 0.89, 1.25
1.48, 0.89, 1.25
1.49, 0.89, 1.24
1.50, 0.89, 1.25
1.50, 0.89, 1.25
1.51, 0.89, 1.25
1.52, 0.89, 1.24
1.53, 0.89, 1.25
1.54, 0.90, 1.25
1.55, 0.89, 1.25
1.56, 0.89, 1.25
1.57, 0.89, 1.25
1.58, 0.89, 1.25
1.59, 0.89, 1.25
1.59, 0.89, 1.25
1.60, 0.89, 1.25
1.61, 0.89, 1.25
1.62, 0.89, 1.25
1.63, 0.88, 1.25
1.64, 0.89, 1.25
1.65, 0.89, 1.25
1.66, 0.89, 1.25
1.67, 0.88, 1.25
1.68, 0.89, 1.25
1.68, 0.89, 1.25
1.69, 0.89, 1.25
1.70, 0.89, 1.25
1.71, 0.89, 1.25
1.72, 0.89, 1.25
1.73, 0.89, 1.25
1.74, 0.89, 1.25
1.75, 0.89, 1.25
1.76, 0.89, 1.25
1.77, 0.89, 1.25
1.77, 0.90, 1.25
1.78, 0.90, 1.25
1.79, 0.90, 1.25
1.80, 0.90, 1.26
1.81, 0.90, 1.26
1.82, 0.90, 1.26
1.83, 0.90, 1.26
1.84, 0.90, 1.25
1.85, 0.90, 1.25
1.86, 0.90, 1.25
1.86, 0.90, 1.25
1.87, 0.89, 1.25
1.88, 0.89, 1.26
1.89, 0.90, 1.25
1.90, 0.90, 1.25
1.91, 0.90, 1.25
1.92, 0.90, 1.25
1.93, 0.91, 1.26
1.94, 0.90, 1.26
1.95, 0.91, 1.26
1.95, 0.91, 1.27
1.96, 0.91, 1.27
1.97, 0.92, 1.26
1.98, 0.91, 1.26
1.99, 0.91, 1.27
2.00, 0.91, 1.27
2.01, 0.92, 1.27
2.02, 0.92, 1.28
2.03, 0.92, 1.28
2.04, 0.91, 1.28
2.05, 0.92, 1.28
2.05, 0.92, 1.28
2.06, 0.93, 1.29
2.07, 0.89, 1.28
2.08, 0.92, 1.28
2.09, 0.92, 1.28
2.10, 0.93, 1.29
2.11, 0.93, 1.29
2.12, 0.92, 1.29
2.13, 0.93, 1.28
2.14, 0.93, 1.29
2.14, 0.93, 1.29
2.15, 0.93, 1.29
2.16, 0.93, 1.30
2.17, 0.94, 1.30
2.18, 0.93, 1.29
2.19, 0.93, 1.29
2.20, 0.96, 1.29
2.21, 0.93, 1.29
2.22, 0.93, 1.30
2.23, 0.93, 1.30
2.23, 0.94, 1.29
2.24, 0.93, 1.29
2.25, 0.93, 1.29
2.26, 0.93, 1.29
2.27, 0.93, 1.29
2.28, 0.93, 1.29
2.29, 0.93, 1.29
2.30, 0.93, 1.29
2.31, 0.93, 1.29
2.32, 0.93, 1.29
2.32, 0.92, 1.29
2.33, 0.92, 1.29
2.34, 0.93, 1.28
2.35, 0.92, 1.28
2.36, 0.92, 1.28
2.37, 0.93, 1.28
2.38, 0.92, 1.28
2.39, 0.93, 1.29
2.40, 0.92, 1.28
2.41, 0.92, 1.30
2.41, 0.92, 1.28
2.42, 0.91, 1.28
2.43, 0.92, 1.25
2.44, 0.92, 1.27
2.45, 0.92, 1.27
2.46, 0.91, 1.27
2.47, 0.91, 1.27
2.48, 0.91, 1.27
2.49, 0.93, 1.27
2.50, 0.92, 1.27
2.50, 0.96, 1.28
2.51, 0.90, 1.27
2.52, 0.92, 1.27
2.53, 0.88, 1.27
2.54, 0.92, 1.29
2.55, 0.92, 1.28
2.56, 0.92, 1.28
2.57, 0.92, 1.26
2.58, 0.92, 1.28
2.59, 0.92, 1.25
2.59, 0.92, 1.27
2.60, 0.92, 1.27
2.61, 0.92, 1.27
2.62, 0.92, 1.27
2.63, 0.92, 1.27
2.64, 0.91, 1.27
2.65, 0.91, 1.27
2.66, 0.91, 1.27
2.67, 0.87, 1.27
2.68, 0.91, 1.27
2.68, 0.92, 1.27
2.69, 0.92, 1.27
2.70, 0.92, 1.27
2.71, 0.92, 1.28
2.72, 0.92, 1.28
2.73, 0.91, 1.28
2.74, 0.92, 1.28
2.75, 0.92, 1.28
2.76, 0.92, 1.28
2.77, 0.92, 1.28
2.77, 0.92, 1.28
2.78, 0.88, 1.28
2.79, 0.92, 1.28
2.80, 0.93, 1.28
2.81, 0.92, 1.29
2.82, 0.93, 1.29
2.83, 0.93, 1.29
2.84, 0.93, 1.29
2.85, 0.93, 1.30
2.86, 0.93, 1.29
2.86, 0.93, 1.31
2.87, 0.93, 1.30
2.88, 0.93, 1.30
2.89, 0.93, 1.30
2.90, 0.93, 1.30
2.91, 0.94, 1.30
2.92, 0.94, 1.30
2.93, 0.94, 1.30
2.94, 0.94, 1.30
2.95, 0.94, 1.30
2.95, 0.94, 1.30
2.96, 0.94, 1.30
2.97, 0.94, 1.30
2.98, 0.94, 1.30
2.99, 0.94, 1.30
3.00, 0.94, 1.30
3.01, 0.94, 1.30
3.02, 0.93, 1.31
3.03, 0.93, 1.30
3.04, 0.94, 1.30
3.05, 0.94, 1.30
3.05, 0.93, 1.30
3.06, 0.95, 1.30
3.07, 0.94, 1.30
3.08, 0.94, 1.30
3.09, 0.94, 1.30
3.10, 0.94, 1.31
3.11, 0.94, 1.31
3.12, 0.94, 1.30
3.13, 0.95, 1.30
3.14, 0.95, 1.30
3.14, 0.94, 1.30
3.15, 0.94, 1.30
3.16, 0.93, 1.30
3.17, 0.94, 1.30
3.18, 0.94, 1.30
3.19, 0.93, 1.29
3.20, 0.93, 1.29
3.21, 0.93, 1.29
3.22, 0.94, 1.29
3.23, 0.93, 1.30
3.23, 0.93, 1.30
3.24, 0.93, 1.29
3.25, 0.93, 1.30
3.26, 0.94, 1.30
3.27, 0.94, 1.30
3.28, 0.94, 1.29
3.29, 0.94, 1.30
3.30, 0.94, 1.30
3.31, 0.94, 1.30
3.32, 0.94, 1.30
3.32, 0.94, 1.30
3.33, 0.94, 1.30
3.34, 0.94, 1.30
3.35, 0.94, 1.30
3.36, 0.94, 1.30
3.37, 0.95, 1.30
3.38, 0.94, 1.30
3.39, 0.94, 1.30
3.40, 0.94, 1.30
3.41, 0.94, 1.31
3.41, 0.94, 1.30
3.42, 0.94, 1.30
3.43, 0.94, 1.30
3.44, 0.94, 1.31
3.45, 0.94, 1.31
3.46, 0.94, 1.31
3.47, 0.94, 1.31
3.48, 0.94, 1.31
3.49, 0.94, 1.31
3.50, 0.94, 1.31
3.50, 0.94, 1.30
3.51, 0.94, 1.31
3.52, 0.94, 1.31
3.53, 0.94, 1.31
3.54, 0.94, 1.31
3.55, 0.95, 1.32
3.56, 0.94, 1.31
3.57, 0.94, 1.31
3.58, 0.94, 1.30
3.59, 0.94, 1.30
3.59, 0.94, 1.30
3.60, 0.94, 1.31
3.61, 0.96, 1.31
3.62, 0.94, 1.31
3.63, 0.94, 1.31
3.64, 0.92, 1.30
3.65, 0.95, 1.32
3.66, 0.95, 1.31
3.67, 0.94, 1.32
3.68, 0.94, 1.31
3.68, 0.94, 1.31
3.69, 0.94, 1.27
3.70, 0.94, 1.29
3.71, 0.94, 1.30
3.72, 0.94, 1.30
3.73, 0.95, 1.30
3.74, 0.94, 1.30
3.75, 0.97, 1.30
3.76, 0.95, 1.28
3.77, 0.95, 1.30
3.77, 0.95, 1.30
3.78, 0.94, 1.31
3.79, 0.94, 1.31
3.80, 0.95, 1.32
3.81, 0.94, 1.31
3.82, 0.94, 1.31
3.83, 0.94, 1.31
3.84, 0.94, 1.30
3.85, 0.94, 1.30
3.86, 0.94, 1.31
3.86, 0.94, 1.31
3.87, 0.95, 1.31
3.88, 0.94, 1.31
3.89, 0.94, 1.31
3.90, 0.95, 1.31
3.91, 0.95, 1.31
3.92, 0.95, 1.32
3.93, 0.95, 1.32
3.94, 0.95, 1.31
3.95, 0.95, 1.32
3.95, 0.95, 1.32
3.96, 0.95, 1.31
3.97, 0.95, 1.31
3.98, 0.95, 1.31
3.99, 0.95, 1.32
4.00, 0.95, 1.31
4.01, 0.95, 1.32
4.02, 0.95, 1.32
4.03, 0.95, 1.32
4.04, 0.95, 1.32
4.05, 0.95, 1.32
4.05, 0.94, 1.32
4.06, 0.94, 1.32
4.07, 0.95, 1.32
4.08, 0.95, 1.32
4.09, 0.96, 1.33
4.10, 0.96, 1.32
4.11, 0.96, 1.32
4.12, 0.96, 1.33
4.13, 0.96, 1.32
4.14, 0.96, 1.32
4.14, 0.96, 1.33
4.15, 0.96, 1.33
4.16, 0.96, 1.33
4.17, 0.96, 1.33
4.18, 0.96, 1.32
4.19, 0.96, 1.33
4.20, 0.95, 1.32
4.21, 0.96, 1.32
4.22, 0.96, 1.32
4.23, 0.96, 1.32
4.23, 0.96, 1.32
4.24, 0.96, 1.32
4.25, 0.96, 1.33
4.26, 0.96, 1.32
4.27, 0.96, 1.32
4.28, 0.96, 1.33
4.29, 0.96, 1.33
4.30, 0.96, 1.32
4.31, 0.96, 1.32
4.32, 0.96, 1.33
4.32, 0.95, 1.32
4.33, 0.97, 1.32
4.34, 0.96, 1.33
4.35, 0.96, 1.32
4.36, 0.95, 1.32
4.37, 0.95, 1.32
4.38, 0.95, 1.32
4.39, 0.95, 1.32
4.40, 0.95, 1.32
4.41, 0.96, 1.32
4.41, 0.95, 1.32
4.42, 0.95, 1.32
4.43, 0.95, 1.32
4.44, 0.95, 1.32
4.45, 0.96, 1.32
4.46, 0.95, 1.32
4.47, 0.95, 1.32
4.48, 0.95, 1.32
4.49, 0.96, 1.32
4.50, 0.95, 1.31
4.50, 0.96, 1.32
4.51, 0.95, 1.32
4.52, 0.95, 1.32
4.53, 0.96, 1.32
4.54, 0.96, 1.32
4.55, 0.96, 1.32
4.56, 0.96, 1.32
4.57, 0.96, 1.32
4.58, 0.96, 1.32
4.59, 0.96, 1.33
4.59, 0.96, 1.32
4.60, 0.96, 1.33
4.61, 0.96, 1.33
4.62, 0.96, 1.33
4.63, 0.97, 1.33
4.64, 0.96, 1.33
4.65, 0.96, 1.33
4.66, 0.96, 1.33
4.67, 0.96, 1.33
4.68, 0.96, 1.33
4.68, 0.96, 1.32
4.69, 0.96, 1.32
4.70, 0.96, 1.33
4.71, 0.96, 1.32
4.72, 0.96, 1.32
4.73, 0.96, 1.33
4.74, 0.92, 1.32
4.75, 0.96, 1.33
4.76, 0.96, 1.32
4.77, 0.96, 1.35
4.77, 0.96, 1.32
4.78, 0.95, 1.32
4.79, 0.95, 1.32
4.80, 0.96, 1.30
4.81, 0.96, 1.31
4.82, 0.95, 1.31
4.83, 0.97, 1.32
4.84, 0.95, 1.32
4.85, 0.99, 1.32
4.86, 0.94, 1.32
4.86, 0.95, 1.33
4.87, 0.96, 1.32
4.88, 0.95, 1.33
4.89, 0.95, 1.32
4.90, 0.95, 1.32
4.91, 0.95, 1.31
4.92, 0.96, 1.32
4.93, 0.96, 1.32
4.94, 0.96, 1.32
4.95, 0.95, 1.32
4.96, 0.96, 1.32
4.96, 0.96, 1.32
4.97, 0.96, 1.33
4.98, 0.96, 1.31
4.99, 0.96, 1.32
5.00, 0.96, 1.32
5.01, 0.96, 1.33
5.02, 0.95, 1.32
5.03, 0.96, 1.33
5.04, 0.96, 1.33
5.05, 0.96, 1.33
5.05, 0.96, 1.33
5.06, 0.96, 1.33
5.07, 0.96, 1.33
5.08, 0.96, 1.33
5.09, 0.96, 1.33
5.10, 0.96, 1.33
5.11, 0.96, 1.33
5.12, 0.96, 1.35
5.13, 0.96, 1.34
5.14, 0.96, 1.33
5.14, 0.96, 1.33
5.15, 0.96, 1.33
5.16, 0.96, 1.33
5.17, 0.96, 1.33
5.18, 0.96, 1.33
5.19, 0.97, 1.33
5.20, 0.96, 1.33
5.21, 0.96, 1.33
5.22, 0.96, 1.33
5.23, 0.96, 1.33
5.23, 0.96, 1.33
5.24, 0.96, 1.33
5.25, 0.97, 1.34
5.26, 0.96, 1.33
5.27, 0.96, 1.33
5.28, 0.96, 1.32
5.29, 0.96, 1.33
5.30, 0.96, 1.33
5.31, 0.96, 1.33
5.32, 0.96, 1.33
5.32, 0.93, 1.33
5.33, 0.96, 1.33
5.34, 0.96, 1.33
5.35, 0.96, 1.33
5.36, 0.96, 1.32
5.37, 0.96, 1.33
5.38, 0.96, 1.32
5.39, 0.96, 1.33
5.40, 0.96, 1.33
5.41, 0.96, 1.32
5.41, 0.96, 1.33
5.42, 0.96, 1.33
5.43, 0.96, 1.32
5.44, 0.96, 1.33
5.45, 0.96, 1.33
5.46, 0.96, 1.33
5.47, 0.96, 1.34
5.48, 0.96, 1.33
5.49, 0.96, 1.33
5.50, 0.96, 1.33
5.50, 0.96, 1.32
5.51, 0.96, 1.33
5.52, 0.96, 1.32
5.53, 0.96, 1.33
5.54, 0.97, 1.33
5.55, 0.96, 1.33
5.56, 0.96, 1.33
5.57, 0.96, 1.33
5.58, 0.96, 1.32
5.59, 0.95, 1.32
5.59, 0.96, 1.33
5.60, 0.96, 1.33
5.61, 0.96, 1.33
5.62, 0.96, 1.32
5.63, 0.96, 1.31
5.64, 0.96, 1.32
5.65, 0.96, 1.32
5.66, 0.96, 1.32
5.67, 0.96, 1.33
5.68, 0.97, 1.33
5.68, 0.96, 1.33
5.69, 0.96, 1.33
5.70, 0.97, 1.33
5.71, 0.96, 1.33
5.72, 0.96, 1.33
5.73, 0.97, 1.33
5.74, 0.97, 1.33
5.75, 0.97, 1.33
5.76, 0.96, 1.33
5.77, 0.96, 1.33
5.77, 0.97, 1.33
5.78, 0.96, 1.33
5.79, 0.97, 1.33
5.80, 0.97, 1.33
5.81, 0.97, 1.33
5.82, 0.97, 1.33
5.83, 0.97, 1.33
5.84, 0.97, 1.33
5.85, 0.97, 1.33
5.86, 0.97, 1.33
5.86, 0.97, 1.33
5.87, 0.96, 1.33
5.88, 0.97, 1.33
5.89, 0.97, 1.33
5.90, 0.98, 1.34
5.91, 0.93, 1.33
5.92, 0.96, 1.34
5.93, 0.96, 1.34
5.94, 0.96, 1.34
5.95, 0.96, 1.31
5.96, 0.96, 1.32
5.96, 0.96, 1.32
5.97, 0.96, 1.33
5.98, 0.96, 1.33
5.99, 0.96, 1.32
6.00, 0.98, 1.32
6.01, 0.96, 1.33
6.02, 0.96, 1.33
6.03, 0.94, 1.33
6.04, 0.96, 1.34
6.05, 0.96, 1.33
6.05, 0.96, 1.35
6.06, 0.97, 1.33
6.07, 0.97, 1.33
6.08, 0.97, 1.32
6.09, 0.98, 1.33
6.10, 0.97, 1.34
6.11, 0.97, 1.34
6.12, 0.97, 1.34
6.13, 0.97, 1.34
6.14, 0.97, 1.34
6.14, 0.97, 1.34
6.15, 0.97, 1.34
6.16, 0.97, 1.34
6.17, 0.97, 1.34
6.18, 0.97, 1.34
6.19, 0.97, 1.34
6.20, 0.99, 1.34
6.21, 0.98, 1.34
6.22, 0.97, 1.34
6.23, 0.98, 1.34
6.23, 0.97, 1.34
6.24, 0.97, 1.34
6.25, 0.97, 1.34
6.26, 0.97, 1.34
6.27, 0.97, 1.33
6.28, 0.98, 1.34
6.29, 0.97, 1.34
6.30, 0.98, 1.35
6.31, 0.97, 1.34
6.32, 0.97, 1.34
6.32, 0.97, 1.34
6.33, 0.98, 1.34
6.34, 0.97, 1.34
6.35, 0.97, 1.34
6.36, 0.97, 1.34
6.37, 0.99, 1.34
6.38, 0.98, 1.34
6.39, 0.98, 1.34
6.40, 0.98, 1.34
6.41, 0.97, 1.35
6.41, 0.98, 1.34
6.42, 0.97, 1.34
6.43, 0.97, 1.34
6.44, 0.97, 1.34
6.45, 0.97, 1.34
6.46, 0.97, 1.34
6.47, 0.97, 1.34
6.48, 0.97, 1.33
6.49, 0.97, 1.33
6.50, 0.97, 1.34
6.50, 0.97, 1.34
6.51, 0.97, 1.34
6.52, 0.97, 1.34
6.53, 0.97, 1.34
6.54, 0.98, 1.34
6.55, 0.97, 1.34
6.56, 0.97, 1.34
6.57, 0.97, 1.34
6.58, 0.97, 1.34
6.59, 0.97, 1.34
6.59, 0.98, 1.34
6.60, 0.97, 1.34
6.61, 0.97, 1.34
6.62, 0.97, 1.34
6.63, 0.97, 1.33
6.64, 0.97, 1.34
6.65, 0.97, 1.34
6.66, 0.97, 1.34
6.67, 0.97, 1.34
6.68, 0.98, 1.34
6.68, 0.97, 1.34
6.69, 0.97, 1.34
6.70, 0.97, 1.34
6.71, 0.97, 1.34
6.72, 0.97, 1.34
6.73, 0.97, 1.33
6.74, 0.97, 1.34
6.75, 0.97, 1.34
6.76, 0.97, 1.34
6.77, 0.97, 1.34
6.77, 0.97, 1.33
6.78, 0.97, 1.34
6.79, 0.97, 1.34
6.80, 0.97, 1.34
6.81, 0.97, 1.34
6.82, 0.97, 1.34
6.83, 0.97, 1.34
6.84, 0.97, 1.34
6.85, 0.97, 1.33
6.86, 0.97, 1.34
6.86, 0.97, 1.34
6.87, 0.97, 1.34
6.88, 0.97, 1.33
6.89, 0.97, 1.34
6.90, 0.97, 1.34
6.91, 0.97, 1.34
6.92, 0.97, 1.34
6.93, 0.97, 1.33
6.94, 0.97, 1.34
6.95, 0.97, 1.34
6.96, 0.97, 1.34
6.96, 0.97, 1.34
6.97, 0.97, 1.33
6.98, 0.97, 1.33
6.99, 0.97, 1.34
7.00, 0.97, 1.34
7.01, 0.97, 1.35
7.02, 0.97, 1.34
7.03, 0.97, 1.34
7.04, 0.97, 1.34
7.05, 0.97, 1.34
7.05, 0.97, 1.34
7.06, 1.00, 1.34
7.07, 0.96, 1.33
7.08, 0.96, 1.33
7.09, 0.94, 1.33
7.10, 0.96, 1.34
7.11, 0.96, 1.33
7.12, 0.96, 1.35
7.13, 0.96, 1.33
7.14, 0.96, 1.33
7.14, 0.97, 1.30
7.15, 0.96, 1.32
7.16, 0.97, 1.33
7.17, 0.96, 1.32
7.18, 0.97, 1.33
7.19, 0.96, 1.33
7.20, 0.99, 1.33
7.21, 0.95, 1.33
7.22, 0.96, 1.33
7.23, 0.92, 1.33
7.23, 0.97, 1.35
7.24, 0.96, 1.34
7.25, 0.97, 1.34
7.26, 0.97, 1.34
7.27, 0.97, 1.34
7.28, 0.97, 1.34
7.29, 0.97, 1.33
7.30, 0.97, 1.34
7.31, 0.97, 1.33
7.32, 0.97, 1.34
7.32, 0.97, 1.33
7.33, 0.97, 1.33
7.34, 0.96, 1.34
7.35, 0.97, 1.33
7.36, 0.96, 1.33
7.37, 0.97, 1.34
7.38, 0.97, 1.34
7.39, 0.97, 1.33
7.40, 0.96, 1.33
7.41, 0.97, 1.33
7.41, 0.97, 1.33
7.42, 0.97, 1.34
7.43, 0.97, 1.34
7.44, 0.97, 1.34
7.45, 0.98, 1.34
7.46, 0.97, 1.33
7.47, 0.97, 1.34
7.48, 0.97, 1.34
7.49, 0.97, 1.34
7.50, 0.98, 1.34
7.50, 0.97, 1.34
7.51, 0.97, 1.34
7.52, 0.97, 1.34
7.53, 0.97, 1.33
7.54, 0.97, 1.34
7.55, 0.97, 1.34
7.56, 0.97, 1.34
7.57, 0.97, 1.34
7.58, 0.97, 1.34
7.59, 0.97, 1.34
7.59, 0.97, 1.34
7.60, 0.97, 1.34
7.61, 0.97, 1.32
7.62, 0.97, 1.33
7.63, 0.97, 1.34
7.64, 0.97, 1.34
7.65, 0.97, 1.34
7.66, 0.97, 1.34
7.67, 0.97, 1.34
7.68, 0.97, 1.34
7.68, 0.97, 1.34
7.69, 0.97, 1.34
7.70, 0.97, 1.34
7.71, 0.97, 1.34
7.72, 0.97, 1.34
7.73, 0.97, 1.34
7.74, 0.97, 1.34
7.75, 0.97, 1.34
7.76, 0.97, 1.34
7.77, 0.97, 1.34
7.77, 0.97, 1.34
7.78, 0.97, 1.34
7.79, 0.97, 1.34
7.80, 0.97, 1.34
7.81, 0.97, 1.34
7.82, 0.97, 1.34
7.83, 0.97, 1.34
7.84, 0.97, 1.34
7.85, 0.97, 1.34
7.86, 0.97, 1.34
7.86, 0.97, 1.34
7.87, 0.97, 1.34
7.88, 0.97, 1.32
7.89, 0.97, 1.33
7.90, 0.97, 1.34
7.91, 0.97, 1.34
7.92, 0.97, 1.34
7.93, 0.97, 1.34
7.94, 0.97, 1.34
7.95, 0.97, 1.34
7.96, 0.97, 1.34
7.96, 0.97, 1.33
7.97, 0.96, 1.34
7.98, 0.97, 1.33
7.99, 0.97, 1.33
8.00, 0.97, 1.33
8.01, 0.97, 1.33
8.02, 0.97, 1.34
8.03, 0.97, 1.33
8.04, 0.97, 1.33
8.05, 0.97, 1.33
8.05, 0.97, 1.33
8.06, 0.97, 1.33
8.07, 0.97, 1.33
8.08, 0.97, 1.33
8.09, 0.97, 1.34
8.10, 0.97, 1.34
8.11, 0.97, 1.33
8.12, 0.97, 1.33
8.13, 0.97, 1.34
8.14, 0.93, 1.33
8.14, 0.97, 1.33
8.15, 0.96, 1.33
8.16, 0.96, 1.32
8.17, 0.96, 1.33
8.18, 0.96, 1.33
8.19, 0.96, 1.33
8.20, 0.96, 1.33
8.21, 0.96, 1.33
8.22, 0.96, 1.33
8.23, 0.96, 1.33
8.23, 1.00, 1.33
8.24, 0.95, 1.32
8.25, 0.96, 1.33
8.26, 0.93, 1.33
8.27, 0.96, 1.33
8.28, 0.96, 1.31
8.29, 0.96, 1.34
8.30, 0.96, 1.32
8.31, 0.96, 1.32
8.32, 0.96, 1.32
8.32, 0.97, 1.32
8.33, 0.96, 1.32
8.34, 0.96, 1.32
8.35, 0.97, 1.32
8.36, 0.96, 1.33
8.37, 1.00, 1.33
8.38, 0.95, 1.33
8.39, 0.96, 1.33
8.40, 0.96, 1.33
8.41, 0.96, 1.34
8.41, 0.96, 1.33
8.42, 0.97, 1.33
8.43, 0.97, 1.33
8.44, 0.97, 1.33
8.45, 0.97, 1.33
8.46, 0.97, 1.33
8.47, 0.96, 1.33
8.48, 0.97, 1.33
8.49, 0.96, 1.33
8.50, 0.96, 1.33
8.50, 0.96, 1.33
8.51, 0.96, 1.33
8.52, 0.96, 1.33
8.53, 0.96, 1.33
8.54, 0.96, 1.33
8.55, 0.97, 1.33
8.56, 0.97, 1.33
8.57, 0.97, 1.33
8.58, 0.97, 1.34
8.59, 0.96, 1.33
8.59, 0.97, 1.33
8.60, 0.96, 1.33
8.61, 0.97, 1.33
8.62, 0.97, 1.33
8.63, 0.96, 1.33
8.64, 0.96, 1.33
8.65, 0.97, 1.33
8.66, 0.97, 1.33
8.67, 0.97, 1.34
8.68, 0.97, 1.33
8.68, 0.97, 1.33
8.69, 0.97, 1.33
8.70, 0.97, 1.33
8.71, 0.97, 1.32
8.72, 0.97, 1.33
8.73, 0.96, 1.33
8.74, 0.97, 1.33
8.75, 0.97, 1.33
8.76, 0.97, 1.33
8.77, 0.97, 1.33
8.77, 0.97, 1.33
8.78, 0.97, 1.33
8.79, 0.97, 1.33
8.80, 0.97, 1.32
8.81, 0.97, 1.32
8.82, 0.96, 1.33
8.83, 0.96, 1.33
8.84, 0.96, 1.33
8.85, 0.96, 1.33
8.86, 0.96, 1.33
8.86, 0.96, 1.33
8.87, 0.96, 1.33
8.88, 0.97, 1.32
8.89, 0.97, 1.32
8.90, 0.97, 1.33
8.91, 0.97, 1.33
8.92, 0.96, 1.34
8.93, 0.97, 1.34
8.94, 0.96, 1.33
8.95, 0.97, 1.33
8.96, 0.97, 1.33
8.96, 0.96, 1.33
8.97, 0.96, 1.33
8.98, 0.96, 1.32
8.99, 0.96, 1.33
9.00, 0.96, 1.33
9.01, 0.97, 1.33
9.02, 0.96, 1.32
9.03, 0.96, 1.33
9.04, 0.96, 1.33
9.05, 0.96, 1.33
9.05, 0.96, 1.33
9.06, 0.96, 1.33
9.07, 0.96, 1.33
9.08, 0.96, 1.33
9.09, 0.96, 1.33
9.10, 0.96, 1.34
9.11, 0.96, 1.33
9.12, 0.96, 1.33
9.13, 0.96, 1.33
9.14, 0.96, 1.33
9.14, 0.96, 1.33
9.15, 0.96, 1.33
9.16, 0.96, 1.33
9.17, 0.96, 1.33
9.18, 0.96, 1.32
9.19, 0.96, 1.33
9.20, 0.95, 1.33
9.21, 0.96, 1.33
9.22, 0.96, 1.33
9.23, 0.96, 1.33
9.23, 0.96, 1.32
9.24, 0.96, 1.32
9.25, 0.96, 1.33
9.26, 0.96, 1.33
9.27, 0.96, 1.33
9.28, 0.96, 1.33
9.29, 0.96, 1.32
9.30, 0.96, 1.32
9.31, 0.96, 1.32
9.32, 0.96, 1.32
9.32, 0.96, 1.32
9.33, 0.95, 1.32
9.34, 0.95, 1.32
9.35, 0.95, 1.32
9.36, 0.96, 1.32
9.37, 0.95, 1.32
9.38, 0.95, 1.32
9.39, 0.95, 1.32
9.40, 0.95, 1.32
9.41, 0.95, 1.32
9.41, 0.94, 1.32
9.42, 0.95, 1.33
9.43, 0.95, 1.32
9.44, 0.95, 1.32
9.45, 0.95, 1.29
9.46, 0.95, 1.31
9.47, 0.95, 1.28
9.48, 0.95, 1.30
9.49, 0.95, 1.31
9.50, 0.95, 1.32
9.50, 0.95, 1.31
9.51, 0.95, 1.31
9.52, 0.97, 1.31
9.53, 0.94, 1.31
9.54, 0.95, 1.32
9.55, 0.91, 1.31
9.56, 0.95, 1.32
9.57, 0.95, 1.31
9.58, 0.95, 1.34
9.59, 0.95, 1.33
9.59, 0.95, 1.32
9.60, 0.95, 1.32
9.61, 0.95, 1.32
9.62, 0.95, 1.32
9.63, 0.95, 1.32
9.64, 0.95, 1.32
9.65, 0.95, 1.31
9.66, 0.95, 1.32
9.67, 0.95, 1.32
9.68, 0.95, 1.32
9.68, 0.95, 1.31
9.69, 0.95, 1.32
9.70, 0.95, 1.32
9.71, 0.95, 1.32
9.72, 0.95, 1.32
9.73, 0.95, 1.32
9.74, 0.95, 1.36
9.75, 0.95, 1.33
9.76, 0.95, 1.32
9.77, 0.95, 1.32
9.77, 0.95, 1.32
9.78, 0.95, 1.32
9.79, 0.95, 1.32
9.80, 0.95, 1.33
9.81, 0.95, 1.32
9.82, 0.95, 1.32
9.83, 0.95, 1.32
9.84, 0.95, 1.32
9.85, 0.96, 1.32
9.86, 0.95, 1.32
9.86, 0.96, 1.32
9.87, 0.95, 1.32
9.88, 0.96, 1.33
9.89, 0.95, 1.32
9.90, 0.95, 1.32
9.91, 0.95, 1.32
9.92, 0.95, 1.32
9.93, 0.95, 1.32
9.94, 0.95, 1.32
9.95, 0.95, 1.32
9.96, 0.95, 1.32
9.96, 0.95, 1.32
9.97, 0.95, 1.31
9.98, 0.95, 1.31
9.99, 0.95, 1.31
10.00, 0.95, 1.31
10.01, 0.95, 1.32
10.02, 0.95, 1.32
10.03, 0.96, 1.32
10.04, 0.95, 1.32
10.05, 0.94, 1.31
10.05, 0.95, 1.31
10.06, 0.94, 1.32
10.07, 0.95, 1.31
10.08, 0.95, 1.31
10.09, 0.95, 1.32
10.10, 0.95, 1.31
10.11, 0.95, 1.31
10.12, 0.95, 1.31
10.13, 0.95, 1.31
10.14, 0.95, 1.31
10.14, 0.95, 1.31
10.15, 0.95, 1.31
10.16, 0.95, 1.31
10.17, 0.95, 1.31
10.18, 0.95, 1.32
10.19, 0.95, 1.32
10.20, 0.95, 1.31
10.21, 0.95, 1.32
10.22, 0.95, 1.31
10.23, 0.95, 1.31
10.23, 0.95, 1.32
10.24, 0.95, 1.32
10.25, 0.95, 1.31
10.26, 0.95, 1.31
10.27, 0.95, 1.31
10.28, 0.95, 1.31
10.29, 0.95, 1.31
10.30, 0.95, 1.31
10.31, 0.95, 1.31
10.32, 0.95, 1.31
10.32, 0.95, 1.32
10.33, 0.95, 1.32
10.34, 0.95, 1.32
10.35, 0.95, 1.32
10.36, 0.95, 1.32
10.37, 0.95, 1.31
10.38, 0.95, 1.31
10.39, 0.95, 1.31
10.40, 0.95, 1.32
10.41, 0.95, 1.31
10.41, 0.95, 1.31
10.42, 0.95, 1.31
10.43, 0.95, 1.31
10.44, 0.95, 1.31
10.45, 0.95, 1.31
10.46, 0.95, 1.31
10.47, 0.95, 1.31
10.48, 0.95, 1.31
10.49, 0.95, 1.31
10.50, 0.95, 1.30
10.50, 0.95, 1.31
10.51, 0.95, 1.31
10.52, 0.95, 1.31
10.53, 0.95, 1.31
10.54, 0.94, 1.31
10.55, 0.94, 1.31
10.56, 0.95, 1.31
10.57, 0.95, 1.31
10.58, 0.95, 1.31
10.59, 0.91, 1.30
10.59, 0.94, 1.31
10.60, 0.94, 1.30
10.61, 0.94, 1.32
10.62, 0.94, 1.30
10.63, 0.94, 1.30
10.64, 0.94, 1.30
10.65, 0.94, 1.30
10.66, 0.95, 1.31
10.67, 0.94, 1.31
10.68, 0.96, 1.31
10.68, 0.94, 1.31
10.69, 1.03, 1.31
10.70, 0.93, 1.31
10.71, 0.94, 1.28
10.72, 0.94, 1.29
10.73, 0.94, 1.32
10.74, 0.94, 1.31
10.75, 0.94, 1.31
10.76, 0.94, 1.30
10.77, 0.95, 1.31
10.77, 0.94, 1.31
10.78, 0.95, 1.31
10.79, 0.95, 1.31
10.80, 0.94, 1.31
10.81, 0.95, 1.31
10.82, 0.95, 1.31
10.83, 0.94, 1.31
10.84, 0.95, 1.31
10.85, 0.94, 1.31
10.86, 0.94, 1.31
10.86, 0.94, 1.31
10.87, 0.94, 1.31
10.88, 0.94, 1.28
10.89, 0.94, 1.30
10.90, 0.94, 1.30
10.91, 0.94, 1.30
10.92, 0.94, 1.30
10.93, 0.94, 1.31
10.94, 0.94, 1.31
10.95, 0.94, 1.27
10.96, 0.94, 1.29
10.96, 0.94, 1.30
10.97, 0.94, 1.31
10.98, 0.94, 1.30
10.99, 0.94, 1.30
11.00, 0.94, 1.30
11.01, 0.94, 1.30
11.02, 0.94, 1.31
11.03, 0.94, 1.30
11.04, 0.94, 1.30
11.05, 0.94, 1.30
11.05, 0.94, 1.30
11.06, 0.94, 1.30
11.07, 0.94, 1.30
11.08, 0.94, 1.30
11.09, 0.94, 1.30
11.10, 0.94, 1.30
11.11, 0.94, 1.30
11.12, 0.94, 1.30
11.13, 0.94, 1.30
11.14, 0.94, 1.30
11.14, 0.94, 1.30
11.15, 0.94, 1.30
11.16, 0.94, 1.30
11.17, 0.94, 1.30
11.18, 0.94, 1.30
11.19, 0.94, 1.29
11.20, 0.94, 1.30
11.21, 0.94, 1.30
11.22, 0.94, 1.30
11.23, 0.94, 1.30
11.23, 0.94, 1.30
11.24, 0.94, 1.30
11.25, 0.94, 1.31
11.26, 0.94, 1.30
11.27, 0.94, 1.30
11.28, 0.94, 1.30
11.29, 0.94, 1.30
11.30, 0.94, 1.30
11.31, 0.92, 1.30
11.32, 0.94, 1.30
11.32, 0.94, 1.31
11.33, 0.94, 1.30
11.34, 0.94, 1.30
11.35, 0.94, 1.30
11.36, 0.94, 1.30
11.37, 0.94, 1.30
11.38, 0.94, 1.30
11.39, 0.94, 1.30
11.40, 0.94, 1.30
11.41, 0.94, 1.30
11.41, 0.94, 1.30
11.42, 0.94, 1.30
11.43, 0.94, 1.30
11.44, 0.94, 1.30
11.45, 0.94, 1.30
11.46, 0.94, 1.30
11.47, 0.94, 1.30
11.48, 0.94, 1.31
11.49, 0.94, 1.30
11.50, 0.93, 1.29
11.50, 0.94, 1.30
11.51, 0.94, 1.30
11.52, 0.94, 1.30
11.53, 0.94, 1.30
11.54, 0.94, 1.30
11.55, 0.94, 1.30
11.56, 0.94, 1.30
11.57, 0.94, 1.30
11.58, 0.94, 1.30
11.59, 0.93, 1.30
11.59, 0.94, 1.30
11.60, 0.93, 1.29
11.61, 0.93, 1.30
11.62, 0.94, 1.30
11.63, 0.93, 1.30
11.64, 0.93, 1.30
11.65, 0.94, 1.30
11.66, 0.94, 1.30
11.67, 0.94, 1.30
11.68, 0.94, 1.30
11.68, 0.94, 1.30
11.69, 0.94, 1.30
11.70, 0.94, 1.30
11.71, 0.94, 1.30
11.72, 0.93, 1.30
11.73, 0.90, 1.30
11.74, 0.93, 1.30
11.75, 0.93, 1.30
11.76, 0.93, 1.32
11.77, 0.93, 1.29
11.77, 0.93, 1.29
11.78, 0.93, 1.28
11.79, 0.93, 1.29
11.80, 0.93, 1.30
11.81, 0.93, 1.30
11.82, 0.95, 1.30
11.83, 0.93, 1.27
11.84, 0.98, 1.29
11.85, 0.92, 1.26
11.86, 0.93, 1.29
11.86, 0.94, 1.29
11.87, 0.94, 1.31
11.88, 0.93, 1.30
11.89, 0.93, 1.30
11.90, 0.93, 1.29
11.91, 0.94, 1.30
11.92, 0.94, 1.30
11.93, 0.94, 1.30
11.94, 0.94, 1.30
11.95, 0.94, 1.30
11.96, 0.94, 1.30
11.96, 0.94, 1.30
11.97, 0.94, 1.30
11.98, 0.94, 1.30
11.99, 0.94, 1.31
12.00, 0.94, 1.30
12.01, 0.94, 1.30
12.02, 0.94, 1.30
12.03, 0.94, 1.28
12.04, 0.94, 1.29
12.05, 0.94, 1.30
12.05, 0.94, 1.30
12.06, 0.94, 1.30
12.07, 0.94, 1.30
12.08, 0.94, 1.30
12.09, 0.94, 1.30
12.10, 0.94, 1.30
12.11, 0.94, 1.30
12.12, 0.94, 1.30
12.13, 0.94, 1.30
12.14, 0.93, 1.30
12.14, 0.94, 1.30
12.15, 0.94, 1.30
12.16, 0.94, 1.30
12.17, 0.94, 1.30
12.18, 0.94, 1.30
12.19, 0.94, 1.30
12.20, 0.94, 1.30
12.21, 0.94, 1.31
12.22, 0.94, 1.30
12.23, 0.94, 1.31
12.23, 0.94, 1.31
12.24, 0.94, 1.31
12.25, 0.94, 1.31
12.26, 0.94, 1.30
12.27, 0.94, 1.31
12.28, 0.94, 1.32
12.29, 0.95, 1.31
12.30, 0.94, 1.31
12.31, 1.00, 1.31
12.32, 0.94, 1.31
12.32, 0.94, 1.30
12.33, 0.94, 1.30
12.34, 0.94, 1.31
12.35, 0.94, 1.31
12.36, 0.94, 1.31
12.37, 0.94, 1.31
12.38, 0.95, 1.30
12.39, 0.94, 1.31
12.40, 0.94, 1.31
12.41, 0.94, 1.31
12.41, 0.94, 1.31
12.42, 0.94, 1.31
12.43, 0.94, 1.31
12.44, 0.94, 1.31
12.45, 0.94, 1.28
12.46, 0.94, 1.29
12.47, 0.94, 1.31
12.48, 0.94, 1.31
12.49, 0.94, 1.35
12.50, 0.94, 1.32
12.50, 0.94, 1.31
12.51, 0.94, 1.31
12.52, 0.94, 1.31
12.53, 0.94, 1.31
12.54, 0.94, 1.31
12.55, 0.94, 1.31
12.56, 0.95, 1.31
12.57, 0.94, 1.31
12.58, 0.95, 1.31
12.59, 0.95, 1.31
12.59, 0.94, 1.31
12.60, 0.94, 1.31
12.61, 0.94, 1.31
12.62, 0.94, 1.31
12.63, 0.94, 1.30
12.64, 0.94, 1.30
12.65, 0.94, 1.30
12.66, 0.94, 1.31
12.67, 0.94, 1.31
12.68, 0.94, 1.31
12.68, 0.94, 1.31
12.69, 0.94, 1.31
12.70, 0.94, 1.30
12.71, 0.93, 1.30
12.72, 0.94, 1.31
12.73, 0.94, 1.31
12.74, 0.94, 1.31
12.75, 0.94, 1.31
12.76, 0.94, 1.31
12.77, 0.94, 1.31
12.77, 0.94, 1.30
12.78, 0.94, 1.30
12.79, 0.94, 1.30
12.80, 0.94, 1.29
12.81, 0.94, 1.30
12.82, 0.94, 1.30
12.83, 0.94, 1.30
12.84, 0.94, 1.30
12.85, 0.94, 1.30
12.86, 0.94, 1.30
12.87, 0.94, 1.30
12.87, 0.95, 1.30
12.88, 0.93, 1.29
12.89, 0.96, 1.30
12.90, 0.93, 1.29
12.91, 0.93, 1.30
12.92, 0.90, 1.29
12.93, 0.94, 1.30
12.94, 0.94, 1.30
12.95, 0.94, 1.33
12.96, 0.93, 1.30
12.96, 0.94, 1.30
12.97, 0.93, 1.31
12.98, 0.94, 1.30
12.99, 0.95, 1.30
13.00, 0.93, 1.30
13.01, 0.95, 1.30
13.02, 0.93, 1.30
13.03, 0.98, 1.30
13.04, 0.92, 1.30
13.05, 0.93, 1.30
13.05, 0.92, 1.30
13.06, 0.94, 1.30
13.07, 0.94, 1.30
13.08, 0.94, 1.30
13.09, 0.94, 1.31
13.10, 0.94, 1.27
13.11, 0.94, 1.29
13.12, 0.94, 1.30
13.13, 0.94, 1.30
13.14, 0.94, 1.30
13.14, 0.94, 1.31
13.15, 0.94, 1.30
13.16, 0.94, 1.30
13.17, 0.94, 1.30
13.18, 0.90, 1.30
13.19, 0.94, 1.30
13.20, 0.95, 1.30
13.21, 0.94, 1.30
13.22, 0.94, 1.30
13.23, 0.94, 1.30
13.23, 0.94, 1.30
13.24, 0.94, 1.30
13.25, 0.94, 1.30
13.26, 0.94, 1.30
13.27, 0.94, 1.30
13.28, 0.94, 1.30
13.29, 0.94, 1.30
13.30, 0.94, 1.30
13.31, 0.93, 1.30
13.32, 0.94, 1.30
13.32, 0.93, 1.30
13.33, 0.93, 1.30
13.34, 0.93, 1.30
13.35, 0.94, 1.30
13.36, 0.94, 1.29
13.37, 0.95, 1.29
13.38, 0.94, 1.29
13.39, 0.94, 1.30
13.40, 0.94, 1.29
13.41, 0.94, 1.30
13.41, 0.94, 1.30
13.42, 0.94, 1.30
13.43, 0.94, 1.30
13.44, 0.93, 1.30
13.45, 0.94, 1.30
13.46, 0.93, 1.29
13.47, 0.94, 1.30
13.48, 0.94, 1.30
13.49, 0.94, 1.30
13.50, 0.94, 1.31
13.50, 0.94, 1.31
13.51, 0.94, 1.30
13.52, 0.94, 1.30
13.53, 0.93, 1.30
13.54, 0.95, 1.30
13.55, 0.94, 1.30
13.56, 0.94, 1.30
13.57, 0.94, 1.30
13.58, 0.94, 1.30
13.59, 0.94, 1.30
13.59, 0.93, 1.30
13.60, 0.94, 1.30
13.61, 0.94, 1.30
13.62, 0.94, 1.30
13.63, 0.94, 1.30
13.64, 0.94, 1.30
13.65, 0.93, 1.30
13.66, 0.94, 1.30
13.67, 0.94, 1.30
13.68, 0.95, 1.30
13.68, 0.94, 1.30
13.69, 0.94, 1.30
13.70, 0.94, 1.30
13.71, 0.94, 1.30
13.72, 0.94, 1.30
13.73, 0.94, 1.30
13.74, 0.94, 1.30
13.75, 0.94, 1.30
13.76, 0.94, 1.29
13.77, 0.94, 1.30
13.77, 0.94, 1.30
13.78, 0.94, 1.30
13.79, 0.94, 1.30
13.80, 0.94, 1.30
13.81, 0.94, 1.30
13.82, 0.94, 1.30
13.83, 0.94, 1.30
13.84, 0.94, 1.31
13.85, 0.94, 1.30
13.86, 0.94, 1.30
13.87, 0.94, 1.30
13.87, 0.94, 1.30
13.88, 0.94, 1.30
13.89, 0.94, 1.30
13.90, 0.94, 1.30
13.91, 0.94, 1.30
13.92, 0.94, 1.30
13.93, 0.94, 1.30
13.94, 0.94, 1.30
13.95, 0.94, 1.30
13.96, 0.94, 1.30
13.96, 0.94, 1.30
13.97, 0.94, 1.30
13.98, 0.94, 1.30
13.99, 0.94, 1.30
14.00, 0.94, 1.30
14.01, 0.94, 1.30
14.02, 0.94, 1.29
14.03, 0.93, 1.29
14.04, 0.95, 1.30
14.05, 0.93, 1.29
14.05, 0.97, 1.30
14.06, 0.92, 1.30
14.07, 0.93, 1.30
14.08, 0.90, 1.29
14.09, 0.92, 1.30
14.10, 0.93, 1.29
14.11, 0.93, 1.30
14.12, 0.93, 1.28
14.13, 0.93, 1.29
14.14, 0.93, 1.29
14.14, 0.93, 1.29
14.15, 0.94, 1.29
14.16, 0.93, 1.29
14.17, 0.95, 1.30
14.18, 0.93, 1.30
14.19, 0.93, 1.30
14.20, 0.93, 1.30
14.21, 0.94, 1.30
14.22, 0.94, 1.30
14.23, 0.94, 1.30
14.23, 0.93, 1.31
14.24, 0.94, 1.30
14.25, 0.94, 1.30
14.26, 0.94, 1.30
14.27, 0.94, 1.30
14.28, 0.94, 1.30
14.29, 0.94, 1.30
14.30, 0.94, 1.30
14.31, 0.94, 1.30
14.32, 0.94, 1.30
14.32, 0.94, 1.30
14.33, 0.94, 1.30
14.34, 0.94, 1.30
14.35, 0.93, 1.30
14.36, 0.94, 1.30
14.37, 0.93, 1.30
14.38, 0.93, 1.30
14.39, 0.93, 1.30
14.40, 0.94, 1.30
14.41, 0.94, 1.30
14.41, 0.93, 1.30
14.42, 0.94, 1.30
14.43, 0.93, 1.30
14.44, 0.93, 1.30
14.45, 0.93, 1.29
14.46, 0.93, 1.29
14.47, 0.93, 1.30
14.48, 0.93, 1.30
14.49, 0.93, 1.30
14.50, 0.93, 1.30
14.50, 0.93, 1.29
14.51, 0.93, 1.29
14.52, 0.93, 1.29
14.53, 0.93, 1.29
14.54, 0.93, 1.29
14.55, 0.93, 1.29
14.56, 0.93, 1.29
14.57, 0.93, 1.30
14.58, 0.93, 1.30
14.59, 0.93, 1.30
14.59, 0.93, 1.30
14.60, 0.93, 1.30
14.61, 0.93, 1.30
14.62, 0.93, 1.29
14.63, 0.93, 1.29
14.64, 0.93, 1.29
14.65, 0.93, 1.29
14.66, 0.93, 1.29
14.67, 0.94, 1.29
14.68, 0.93, 1.30
14.68, 0.93, 1.30
14.69, 0.93, 1.30
14.70, 0.93, 1.30
14.71, 0.94, 1.30
14.72, 0.94, 1.30
14.73, 0.93, 1.30
14.74, 0.93, 1.30
14.75, 0.93, 1.29
14.76, 0.93, 1.30
14.77, 0.93, 1.29
14.77, 0.93, 1.29
14.78, 0.93, 1.29
14.79, 0.93, 1.29
14.80, 0.93, 1.31
14.81, 0.93, 1.30
14.82, 0.95, 1.30
14.83, 0.93, 1.29
14.84, 0.93, 1.29
14.85, 0.93, 1.29
14.86, 0.93, 1.29
14.87, 0.93, 1.30
14.87, 0.93, 1.29
14.88, 0.93, 1.30
14.89, 0.93, 1.30
14.90, 0.93, 1.29
14.91, 0.93, 1.29
14.92, 0.93, 1.29
14.93, 0.93, 1.29
14.94, 0.93, 1.29
14.95, 0.93, 1.29
14.96, 0.93, 1.29
14.96, 0.93, 1.29
14.97, 0.93, 1.29
14.98, 0.93, 1.29
14.99, 0.93, 1.29
15.00, 0.93, 1.29
15.01, 0.93, 1.29
15.02, 0.93, 1.29
15.03, 0.93, 1.29
15.04, 0.93, 1.29
15.05, 0.93, 1.29
15.05, 0.93, 1.29
15.06, 0.93, 1.29
15.07, 0.93, 1.29
15.08, 0.93, 1.29
15.09, 0.93, 1.29
15.10, 0.93, 1.33
15.11, 0.93, 1.31
15.12, 0.93, 1.29
15.13, 0.93, 1.29
15.14, 0.93, 1.29
15.14, 0.93, 1.29
15.15, 0.95, 1.29
15.16, 0.92, 1.28
15.17, 0.95, 1.29
15.18, 0.92, 1.29
15.19, 0.92, 1.29
15.20, 0.89, 1.28
15.21, 0.92, 1.29
15.22, 0.92, 1.28
15.23, 0.92, 1.31
15.23, 0.92, 1.28
15.24, 0.92, 1.28
15.25, 0.93, 1.28
15.26, 0.92, 1.30
15.27, 0.93, 1.29
15.28, 0.92, 1.29
15.29, 0.94, 1.29
15.30, 0.92, 1.29
15.31, 0.94, 1.29
15.32, 0.91, 1.28
15.32, 0.92, 1.28
15.33, 0.92, 1.28
15.34, 0.93, 1.29
15.35, 0.93, 1.28
15.36, 0.93, 1.29
15.37, 0.93, 1.29
15.38, 0.93, 1.29
15.39, 0.93, 1.29
15.40, 0.93, 1.29
15.41, 0.93, 1.29
15.41, 0.93, 1.29
15.42, 0.93, 1.29
15.43, 0.93, 1.29
15.44, 0.93, 1.29
15.45, 0.92, 1.29
15.46, 0.93, 1.29
15.47, 0.93, 1.29
15.48, 0.93, 1.29
15.49, 0.93, 1.29
15.50, 0.93, 1.29
15.50, 0.93, 1.29
15.51, 0.93, 1.30
15.52, 0.92, 1.29
15.53, 0.93, 1.29
15.54, 0.93, 1.29
15.55, 0.93, 1.29
15.56, 0.93, 1.29
15.57, 0.94, 1.29
15.58, 0.93, 1.29
15.59, 0.93, 1.29
15.59, 0.93, 1.29
15.60, 0.93, 1.29
15.61, 0.93, 1.29
15.62, 0.93, 1.29
15.63, 0.93, 1.29
15.64, 0.93, 1.29
15.65, 0.93, 1.29
15.66, 0.93, 1.29
15.67, 0.93, 1.29
15.68, 0.94, 1.29
15.68, 0.93, 1.29
15.69, 0.93, 1.29
15.70, 0.93, 1.29
15.71, 0.93, 1.30
15.72, 0.93, 1.30
15.73, 0.93, 1.30
15.74, 0.93, 1.29
15.75, 0.93, 1.29
15.76, 0.93, 1.29
15.77, 0.93, 1.29
15.77, 0.93, 1.29
15.78, 0.93, 1.29
15.79, 0.93, 1.29
15.80, 0.93, 1.28
15.81, 0.93, 1.28
15.82, 0.93, 1.29
15.83, 0.93, 1.29
15.84, 0.93, 1.29
15.85, 0.93, 1.30
15.86, 0.93, 1.30
15.87, 0.93, 1.29
15.87, 0.93, 1.29
15.88, 0.93, 1.29
15.89, 0.93, 1.29
15.90, 0.93, 1.29
15.91, 0.93, 1.29
15.92, 0.93, 1.30
15.93, 0.93, 1.29
15.94, 0.93, 1.29
15.95, 0.93, 1.29
15.96, 0.93, 1.29
15.96, 0.93, 1.30
15.97, 0.93, 1.29
15.98, 0.93, 1.30
15.99, 0.92, 1.29
16.00, 0.93, 1.29
16.01, 0.92, 1.29
16.02, 0.93, 1.29
16.03, 0.93, 1.29
16.04, 0.93, 1.29
16.05, 0.93, 1.29
16.05, 0.93, 1.29
16.06, 0.92, 1.29
16.07, 0.93, 1.29
16.08, 0.92, 1.28
16.09, 0.92, 1.29
16.10, 0.92, 1.28
16.11, 0.93, 1.29
16.12, 0.93, 1.29
16.13, 0.93, 1.29
16.14, 0.93, 1.29
16.14, 0.92, 1.29
16.15, 0.93, 1.29
16.16, 0.93, 1.29
16.17, 0.93, 1.29
16.18, 0.93, 1.29
16.19, 0.92, 1.29
16.20, 0.92, 1.28
16.21, 0.93, 1.29
16.22, 0.93, 1.29
16.23, 0.93, 1.29
16.23, 0.93, 1.29
16.24, 0.92, 1.29
16.25, 0.92, 1.29
16.26, 0.92, 1.28
16.27, 0.92, 1.28
16.28, 0.92, 1.29
16.29, 0.93, 1.29
16.30, 0.92, 1.29
16.31, 0.92, 1.29
16.32, 0.92, 1.29
16.32, 0.95, 1.28
16.33, 0.92, 1.28
16.34, 0.93, 1.28
16.35, 0.91, 1.28
16.36, 0.92, 1.29
16.37, 0.92, 1.28
16.38, 0.92, 1.30
16.39, 0.92, 1.28
16.40, 0.92, 1.28
16.41, 0.92, 1.26
16.41, 0.92, 1.25
16.42, 0.92, 1.27
16.43, 0.92, 1.29
16.44, 0.93, 1.28
16.45, 0.92, 1.28
16.46, 0.94, 1.29
16.47, 0.92, 1.28
16.48, 0.95, 1.29
16.49, 0.91, 1.29
16.50, 0.92, 1.29
16.50, 0.92, 1.29
16.51, 0.93, 1.29
16.52, 0.93, 1.29
16.53, 0.93, 1.29
16.54, 0.93, 1.29
16.55, 0.93, 1.29
16.56, 0.93, 1.29
16.57, 0.93, 1.29
16.58, 0.93, 1.29
16.59, 0.93, 1.29
16.59, 0.93, 1.29
16.60, 0.93, 1.29
16.61, 0.93, 1.29
16.62, 0.93, 1.29
16.63, 0.93, 1.29
16.64, 0.93, 1.29
16.65, 0.98, 1.29
16.66, 0.93, 1.29
16.67, 0.92, 1.29
16.68, 0.93, 1.30
16.68, 0.93, 1.29
16.69, 0.93, 1.29
16.70, 0.94, 1.29
16.71, 0.93, 1.29
16.72, 0.93, 1.29
16.73, 0.93, 1.29
16.74, 0.93, 1.29
16.75, 0.93, 1.29
16.76, 0.93, 1.29
16.77, 0.93, 1.29
16.77, 0.93, 1.29
16.78, 0.93, 1.29
16.79, 0.93, 1.29
16.80, 0.93, 1.29
16.81, 0.93, 1.29
16.82, 0.93, 1.29
16.83, 0.93, 1.29
16.84, 0.93, 1.29
16.85, 0.93, 1.29
16.86, 0.93, 1.29
16.87, 0.93, 1.29
16.87, 0.93, 1.29
16.88, 0.93, 1.31
16.89, 0.93, 1.31
16.90, 0.93, 1.30
16.91, 0.93, 1.30
16.92, 0.93, 1.29
16.93, 0.93, 1.30
16.94, 0.93, 1.29
16.95, 0.93, 1.28
16.96, 0.92, 1.29
16.96, 0.93, 1.29
16.97, 0.92, 1.29
16.98, 0.93, 1.30
16.99, 0.94, 1.29
17.00, 0.93, 1.29
17.01, 0.94, 1.29
17.02, 0.93, 1.29
17.03, 0.91, 1.29
17.04, 0.93, 1.29
17.05, 0.90, 1.29
17.05, 0.93, 1.29
17.06, 0.99, 1.29
17.07, 0.93, 1.29
17.08, 0.93, 1.29
17.09, 0.93, 1.29
17.10, 0.93, 1.29
17.11, 0.93, 1.29
17.12, 0.93, 1.29
17.13, 0.93, 1.29
17.14, 0.93, 1.29
17.14, 0.93, 1.29
17.15, 0.94, 1.29
17.16, 0.93, 1.29
17.17, 0.93, 1.29
17.18, 0.93, 1.29
17.19, 0.93, 1.29
17.20, 0.93, 1.29
17.21, 0.93, 1.29
17.22, 0.93, 1.29
17.23, 0.93, 1.29
17.23, 0.93, 1.30
17.24, 0.93, 1.29
17.25, 0.97, 1.29
17.26, 0.93, 1.29
17.27, 0.93, 1.29
17.28, 0.93, 1.29
17.29, 0.93, 1.29
17.30, 0.93, 1.29
17.31, 0.93, 1.29
17.32, 0.93, 1.29
17.32, 0.93, 1.30
17.33, 0.93, 1.29
17.34, 0.93, 1.30
17.35, 0.93, 1.30
17.36, 0.93, 1.29
17.37, 0.93, 1.29
17.38, 0.93, 1.29
17.39, 0.93, 1.29
17.40, 0.93, 1.29
17.41, 0.93, 1.29
17.41, 0.93, 1.29
17.42, 0.93, 1.29
17.43, 0.93, 1.29
17.44, 0.93, 1.29
17.45, 0.93, 1.29
17.46, 0.92, 1.26
17.47, 0.92, 1.27
17.48, 0.93, 1.25
17.49, 0.93, 1.28
17.50, 0.93, 1.29
17.50, 0.92, 1.29
17.51, 0.93, 1.29
17.52, 0.93, 1.29
17.53, 0.97, 1.29
17.54, 0.92, 1.29
17.55, 0.93, 1.29
17.56, 0.91, 1.29
17.57, 0.93, 1.31
17.58, 0.93, 1.29
17.59, 0.93, 1.29
17.59, 0.93, 1.28
17.60, 0.93, 1.29
17.61, 0.93, 1.29
17.62, 0.93, 1.29
17.63, 0.94, 1.27
17.64, 0.93, 1.29
17.65, 0.94, 1.29
17.66, 0.94, 1.30
17.67, 0.94, 1.30
17.68, 0.94, 1.30
17.68, 0.93, 1.30
17.69, 0.93, 1.30
17.70, 0.94, 1.30
17.71, 0.94, 1.30
17.72, 0.94, 1.30
17.73, 0.93, 1.30
17.74, 0.93, 1.30
17.75, 0.94, 1.30
17.76, 0.94, 1.30
17.77, 0.94, 1.30
17.77, 0.94, 1.30
17.78, 0.94, 1.30
17.79, 0.94, 1.30
17.80, 0.93, 1.30
17.81, 0.94, 1.30
17.82, 0.94, 1.30
17.83, 0.94, 1.29
17.84, 0.93, 1.30
17.85, 0.93, 1.30
17.86, 0.93, 1.30
17.87, 0.93, 1.30
17.87, 0.93, 1.30
17.88, 0.93, 1.29
17.89, 0.93, 1.30
17.90, 0.93, 1.30
17.91, 0.93, 1.30
17.92, 0.93, 1.30
17.93, 0.94, 1.30
17.94, 0.93, 1.30
17.95, 0.94, 1.30
17.96, 0.93, 1.30
17.96, 0.94, 1.30
17.97, 0.94, 1.30
17.98, 0.94, 1.30
17.99, 0.94, 1.30
18.00, 0.94, 1.30
18.01, 0.96, 1.30
18.02, 0.94, 1.30
18.03, 0.94, 1.30
18.04, 0.94, 1.30
18.05, 0.94, 1.30
18.05, 0.94, 1.30
18.06, 0.94, 1.30
18.07, 0.93, 1.30
18.08, 0.93, 1.30
18.09, 0.94, 1.30
18.10, 0.94, 1.30
18.11, 0.93, 1.30
18.12, 0.93, 1.30
18.13, 0.94, 1.30
18.14, 0.94, 1.30
18.14, 0.93, 1.30
18.15, 0.94, 1.30
18.16, 0.93, 1.30
18.17, 0.94, 1.30
18.18, 0.94, 1.30
18.19, 0.94, 1.30
18.20, 0.94, 1.30
18.21, 0.93, 1.30
18.22, 0.94, 1.30
18.23, 0.94, 1.30
18.23, 0.94, 1.29
18.24, 0.93, 1.30
18.25, 0.94, 1.30
18.26, 0.94, 1.29
18.27, 0.94, 1.29
18.28, 0.94, 1.29
18.29, 0.94, 1.30
18.30, 0.94, 1.29
18.31, 0.94, 1.30
18.32, 0.94, 1.30
18.32, 0.93, 1.30
18.33, 0.94, 1.30
18.34, 0.93, 1.30
18.35, 0.94, 1.30
18.36, 0.94, 1.30
18.37, 0.94, 1.30
18.38, 0.94, 1.30
18.39, 0.93, 1.30
18.40, 0.93, 1.30
18.41, 0.94, 1.30
18.41, 0.94, 1.30
18.42, 0.94, 1.29
18.43, 0.93, 1.30
18.44, 0.94, 1.30
18.45, 0.94, 1.30
18.46, 0.94, 1.30
18.47, 0.93, 1.30
18.48, 0.93, 1.30
18.49, 0.94, 1.30
18.50, 0.94, 1.30
18.50, 0.93, 1.29
18.51, 0.93, 1.30
18.52, 0.93, 1.30
18.53, 0.94, 1.30
18.54, 0.93, 1.30
18.55, 0.93, 1.30
18.56, 0.93, 1.30
18.57, 0.93, 1.30
18.58, 0.93, 1.29
18.59, 0.93, 1.29
18.59, 0.93, 1.29
18.60, 0.93, 1.29
18.61, 0.93, 1.29
18.62, 0.93, 1.29
18.63, 0.93, 1.27
18.64, 0.93, 1.28
18.65, 0.93, 1.28
18.66, 0.93, 1.28
18.67, 0.93, 1.29
18.68, 0.92, 1.29
18.68, 0.95, 1.28
18.69, 0.92, 1.29
18.70, 0.93, 1.29
18.71, 0.90, 1.29
18.72, 0.93, 1.30
18.73, 0.93, 1.29
18.74, 0.93, 1.32
18.75, 0.93, 1.29
18.76, 0.93, 1.30
18.77, 0.93, 1.27
18.77, 0.93, 1.28
18.78, 0.93, 1.30
18.79, 0.93, 1.29
18.80, 0.95, 1.29
18.81, 0.93, 1.29
18.82, 0.93, 1.29
18.83, 0.94, 1.29
18.84, 0.94, 1.29
18.85, 0.93, 1.30
18.86, 0.94, 1.29
18.87, 0.94, 1.30
18.87, 0.94, 1.30
18.88, 0.94, 1.30
18.89, 0.94, 1.30
18.90, 0.94, 1.30
18.91, 0.94, 1.30
18.92, 0.94, 1.30
18.93, 0.94, 1.30
18.94, 0.94, 1.30
18.95, 0.94, 1.30
18.96, 0.93, 1.30
18.96, 0.94, 1.30
18.97, 0.94, 1.29
18.98, 0.94, 1.30
18.99, 0.94, 1.30
19.00, 0.94, 1.30
19.01, 0.93, 1.30
19.02, 0.94, 1.30
19.03, 0.93, 1.30
19.04, 0.93, 1.29
19.05, 0.93, 1.30
19.05, 0.93, 1.30
19.06, 0.93, 1.31
19.07, 0.93, 1.30
19.08, 0.93, 1.30
19.09, 0.93, 1.30
19.10, 0.93, 1.31
19.11, 0.93, 1.31
19.12, 0.94, 1.30
19.13, 0.94, 1.30
19.14, 0.94, 1.30
19.14, 0.94, 1.30
19.15, 0.93, 1.30
19.16, 0.94, 1.30
19.17, 0.94, 1.30
19.18, 0.94, 1.30
19.19, 0.94, 1.30
19.20, 0.93, 1.30
19.21, 0.94, 1.30
19.22, 0.94, 1.30
19.23, 0.94, 1.30
19.23, 0.94, 1.30
19.24, 0.94, 1.30
19.25, 0.94, 1.30
19.26, 0.94, 1.30
19.27, 0.94, 1.30
19.28, 0.93, 1.30
19.29, 0.94, 1.30
19.30, 0.94, 1.30
19.31, 0.94, 1.30
19.32, 0.94, 1.30
19.32, 0.94, 1.30
19.33, 0.94, 1.30
19.34, 0.94, 1.30
19.35, 0.94, 1.30
19.36, 0.94, 1.31
19.37, 0.94, 1.30
19.38, 0.94, 1.30
19.39, 0.94, 1.30
19.40, 0.95, 1.30
19.41, 0.94, 1.30
19.41, 0.94, 1.30
19.42, 0.94, 1.30
19.43, 0.94, 1.30
19.44, 0.94, 1.30
19.45, 0.94, 1.30
19.46, 0.94, 1.30
19.47, 0.94, 1.30
19.48, 0.94, 1.30
19.49, 0.94, 1.30
19.50, 0.94, 1.30
19.50, 0.94, 1.30
19.51, 0.94, 1.30
19.52, 0.94, 1.30
19.53, 0.94, 1.30
19.54, 0.94, 1.31
19.55, 0.94, 1.30
19.56, 0.94, 1.31
19.57, 0.94, 1.30
19.58, 0.94, 1.30
19.59, 0.94, 1.30
19.59, 0.94, 1.30
19.60, 0.94, 1.30
19.61, 0.92, 1.30
19.62, 0.94, 1.30
19.63, 0.94, 1.30
19.64, 0.94, 1.30
19.65, 0.94, 1.30
19.66, 0.94, 1.30
19.67, 0.94, 1.30
19.68, 0.93, 1.30
19.68, 0.94, 1.30
19.69, 0.94, 1.30
19.70, 0.94, 1.30
19.71, 0.94, 1.30
19.72, 0.94, 1.30
19.73, 0.93, 1.30
19.74, 0.93, 1.30
19.75, 0.93, 1.30
19.76, 0.93, 1.30
19.77, 0.93, 1.30
19.77, 0.93, 1.30
19.78, 0.94, 1.30
19.79, 0.93, 1.30
19.80, 0.93, 1.27
19.81, 0.93, 1.28
19.82, 0.93, 1.29
19.83, 0.93, 1.29
19.84, 0.94, 1.29
19.85, 0.93, 1.29
19.86, 0.97, 1.32
19.87, 0.92, 1.30
19.87, 0.93, 1.30
19.88, 0.91, 1.29
19.89, 0.93, 1.30
19.90, 0.93, 1.29
19.91, 0.93, 1.30
19.92, 0.93, 1.28
19.93, 0.91, 1.28
19.94, 0.93, 1.28
19.95, 0.93, 1.29
19.96, 0.93, 1.29
19.96, 0.93, 1.29
19.97, 0.95, 1.30
19.98, 0.93, 1.30
19.99, 0.94, 1.30
20.00, 0.94, 1.30
20.01, 0.94, 1.30
20.02, 0.94, 1.30
20.03, 0.94, 1.30
20.04, 0.94, 1.30
20.05, 0.94, 1.30
20.05, 0.94, 1.30
20.06, 0.93, 1.30
20.07, 0.94, 1.30
20.08, 0.94, 1.30
20.09, 0.94, 1.30
20.10, 0.94, 1.30
20.11, 0.93, 1.30
20.12, 0.94, 1.30
20.13, 0.93, 1.30
20.14, 0.93, 1.30
20.14, 0.94, 1.30
20.15, 0.93, 1.30
20.16, 0.93, 1.30
20.17, 0.93, 1.30
20.18, 0.93, 1.29
20.19, 0.93, 1.30
20.20, 0.94, 1.30
20.21, 0.94, 1.30
20.22, 0.94, 1.30
20.23, 0.93, 1.29
20.23, 0.93, 1.29
20.24, 0.93, 1.30
20.25, 0.94, 1.30
20.26, 0.93, 1.30
20.27, 0.92, 1.30
20.28, 0.93, 1.30
20.29, 0.94, 1.30
20.30, 0.93, 1.29
20.31, 0.93, 1.30
20.32, 0.93, 1.30
20.32, 0.93, 1.29
20.33, 0.93, 1.29
20.34, 0.93, 1.29
20.35, 0.93, 1.30
20.36, 0.93, 1.30
20.37, 0.93, 1.30
20.38, 0.93, 1.30
20.39, 0.94, 1.30
20.40, 0.93, 1.30
20.41, 0.93, 1.30
20.41, 0.93, 1.30
20.42, 0.94, 1.30
20.43, 0.93, 1.30
20.44, 0.93, 1.29
20.45, 0.93, 1.30
20.46, 0.94, 1.32
20.47, 0.93, 1.30
20.48, 0.93, 1.30
20.49, 0.93, 1.29
20.50, 0.93, 1.29
20.50, 0.93, 1.29
20.51, 0.93, 1.29
20.52, 0.93, 1.29
20.53, 0.93, 1.29
20.54, 0.93, 1.29
20.55, 0.93, 1.29
20.56, 0.93, 1.30
20.57, 0.94, 1.30
20.58, 0.93, 1.30
20.59, 0.93, 1.30
20.59, 0.93, 1.30
20.60, 0.93, 1.30
20.61, 0.93, 1.30
20.62, 0.93, 1.30
20.63, 0.93, 1.30
20.64, 0.93, 1.30
20.65, 0.93, 1.30
20.66, 0.93, 1.29
20.67, 0.93, 1.29
20.68, 0.93, 1.29
20.68, 0.93, 1.29
20.69, 0.93, 1.30
20.70, 0.93, 1.29
20.71, 0.93, 1.29
20.72, 0.93, 1.29
20.73, 0.93, 1.29
20.74, 0.93, 1.29
20.75, 0.92, 1.29
20.76, 0.93, 1.30
20.77, 0.93, 1.30
20.78, 0.93, 1.30
20.78, 0.93, 1.29
20.79, 0.93, 1.29
20.80, 0.93, 1.29
20.81, 0.93, 1.29
20.82, 0.93, 1.29
20.83, 0.93, 1.29
20.84, 0.93, 1.29
20.85, 0.93, 1.29
20.86, 0.93, 1.29
20.87, 0.93, 1.29
20.87, 0.93, 1.29
20.88, 0.93, 1.29
20.89, 0.93, 1.29
20.90, 0.93, 1.28
20.91, 0.93, 1.29
20.92, 0.93, 1.29
20.93, 0.92, 1.29
20.94, 0.90, 1.28
20.95, 0.92, 1.29
20.96, 0.92, 1.28
20.96, 0.92, 1.30
20.97, 0.92, 1.28
20.98, 0.92, 1.29
20.99, 0.92, 1.25
21.00, 0.92, 1.27
21.01, 0.92, 1.27
21.02, 0.92, 1.28
21.03, 0.93, 1.28
21.04, 0.92, 1.28
21.05, 0.95, 1.28
21.05, 0.92, 1.28
21.06, 0.92, 1.29
21.07, 0.89, 1.28
21.08, 0.92, 1.29
21.09, 0.92, 1.28
21.10, 0.92, 1.32
21.11, 0.92, 1.27
21.12, 0.93, 1.28
21.13, 0.93, 1.29
21.14, 0.92, 1.29
21.14, 0.93, 1.29
21.15, 0.92, 1.29
21.16, 0.92, 1.29
21.17, 0.93, 1.29
21.18, 0.93, 1.28
21.19, 0.93, 1.29
21.20, 0.93, 1.29
21.21, 0.93, 1.29
21.22, 0.93, 1.29
21.23, 0.93, 1.29
21.23, 0.93, 1.30
21.24, 0.93, 1.29
21.25, 0.93, 1.29
21.26, 0.93, 1.29
21.27, 0.93, 1.29
21.28, 0.93, 1.29
21.29, 0.93, 1.29
21.30, 0.93, 1.29
21.31, 0.93, 1.29
21.32, 0.94, 1.29
21.32, 0.93, 1.29
21.33, 0.93, 1.28
21.34, 0.93, 1.29
21.35, 0.93, 1.29
21.36, 0.93, 1.29
21.37, 0.93, 1.29
21.38, 0.93, 1.29
21.39, 0.93, 1.29
21.40, 0.93, 1.29
21.41, 0.93, 1.29
21.41, 0.93, 1.29
21.42, 0.93, 1.29
21.43, 0.93, 1.29
21.44, 0.93, 1.29
21.45, 0.93, 1.29
21.46, 0.93, 1.29
21.47, 0.92, 1.29
21.48, 0.92, 1.29
21.49, 0.92, 1.29
21.50, 0.93, 1.29
21.50, 0.93, 1.29
21.51, 0.92, 1.28
21.52, 0.92, 1.28
21.53, 0.93, 1.29
21.54, 0.92, 1.29
21.55, 0.93, 1.29
21.56, 0.93, 1.29
21.57, 0.92, 1.29
21.58, 0.92, 1.29
21.59, 0.93, 1.29
21.59, 0.93, 1.29
21.60, 0.93, 1.29
21.61, 0.92, 1.29
21.62, 0.92, 1.29
21.63, 0.92, 1.28
21.64, 0.93, 1.28
21.65, 0.92, 1.28
21.66, 0.92, 1.28
21.67, 0.92, 1.28
21.68, 0.92, 1.28
21.68, 0.92, 1.29
21.69, 0.93, 1.29
21.70, 0.93, 1.29
21.71, 0.93, 1.28
21.72, 0.93, 1.29
21.73, 0.93, 1.29
21.74, 0.93, 1.29
21.75, 0.93, 1.29
21.76, 0.93, 1.29
21.77, 0.93, 1.29
21.78, 0.93, 1.29
21.78, 0.93, 1.29
21.79, 0.93, 1.29
21.80, 0.93, 1.29
21.81, 0.93, 1.29
21.82, 0.93, 1.29
21.83, 0.93, 1.29
21.84, 0.93, 1.29
21.85, 0.93, 1.29
21.86, 0.93, 1.29
21.87, 0.89, 1.29
21.87, 0.93, 1.29
21.88, 0.93, 1.30
21.89, 0.93, 1.30
21.90, 0.93, 1.29
21.91, 0.93, 1.29
21.92, 0.93, 1.29
21.93, 0.93, 1.29
21.94, 0.93, 1.29
21.95, 0.93, 1.29
21.96, 0.92, 1.29
21.96, 0.93, 1.29
21.97, 0.93, 1.29
21.98, 0.93, 1.29
21.99, 0.93, 1.29
22.00, 0.93, 1.29
22.01, 0.93, 1.29
22.02, 0.92, 1.29
22.03, 0.93, 1.29
22.04, 0.93, 1.29
22.05, 0.93, 1.29
22.05, 0.93, 1.29
22.06, 0.93, 1.29
22.07, 0.93, 1.29
22.08, 0.93, 1.29
22.09, 0.93, 1.29
22.10, 0.93, 1.29
22.11, 0.88, 1.28
22.12, 0.92, 1.29
22.13, 0.92, 1.29
22.14, 0.92, 1.31
22.14, 0.93, 1.29
22.15, 0.93, 1.29
22.16, 0.93, 1.26
22.17, 0.90, 1.28
22.18, 0.93, 1.28
22.19, 0.92, 1.28
22.20, 0.93, 1.28
22.21, 0.92, 1.28
22.22, 0.96, 1.29
22.23, 0.92, 1.29
22.23, 0.93, 1.29
22.24, 0.90, 1.25
22.25, 0.92, 1.29
22.26, 0.93, 1.28
22.27, 0.93, 1.28
22.28, 0.93, 1.30
22.29, 0.93, 1.29
22.30, 0.93, 1.29
22.31, 0.93, 1.29
22.32, 0.93, 1.30
22.32, 0.93, 1.30
22.33, 0.93, 1.29
22.34, 0.93, 1.29
22.35, 0.93, 1.29
22.36, 0.93, 1.29
22.37, 0.93, 1.29
22.38, 0.93, 1.30
22.39, 0.93, 1.29
22.40, 0.93, 1.29
22.41, 0.93, 1.29
22.41, 0.93, 1.29
22.42, 0.93, 1.29
22.43, 0.93, 1.30
22.44, 0.93, 1.30
22.45, 0.93, 1.29
22.46, 0.93, 1.29
22.47, 0.93, 1.29
22.48, 0.93, 1.29
22.49, 0.93, 1.30
22.50, 0.93, 1.29
22.50, 0.93, 1.30
22.51, 0.93, 1.29
22.52, 0.93, 1.30
22.53, 0.93, 1.29
22.54, 0.94, 1.30
22.55, 0.93, 1.30
22.56, 0.93, 1.30
22.57, 0.93, 1.29
22.58, 0.93, 1.30
22.59, 0.93, 1.30
22.59, 0.93, 1.30
22.60, 0.93, 1.30
22.61, 0.93, 1.30
22.62, 0.95, 1.30
22.63, 0.93, 1.30
22.64, 0.94, 1.30
22.65, 0.93, 1.30
22.66, 0.93, 1.30
22.67, 0.93, 1.30
22.68, 0.90, 1.30
22.68, 0.94, 1.30
22.69, 0.94, 1.30
22.70, 0.94, 1.30
22.71, 0.94, 1.31
22.72, 0.94, 1.30
22.73, 0.94, 1.30
22.74, 0.94, 1.30
22.75, 0.94, 1.30
22.76, 0.94, 1.30
22.77, 0.94, 1.30
22.78, 0.94, 1.30
22.78, 0.94, 1.30
22.79, 0.94, 1.30
22.80, 0.93, 1.29
22.81, 0.94, 1.30
22.82, 0.94, 1.31
22.83, 0.94, 1.30
22.84, 0.94, 1.30
22.85, 0.94, 1.30
22.86, 0.94, 1.30
22.87, 0.94, 1.30
22.87, 0.94, 1.30
22.88, 0.94, 1.28
22.89, 0.94, 1.29
22.90, 0.94, 1.30
22.91, 0.94, 1.30
22.92, 0.94, 1.30
22.93, 0.94, 1.30
22.94, 0.94, 1.30
22.95, 0.94, 1.27
22.96, 0.94, 1.29
22.96, 0.94, 1.30
22.97, 0.94, 1.30
22.98, 0.94, 1.30
22.99, 0.94, 1.30
23.00, 0.94, 1.30
23.01, 0.94, 1.30
23.02, 0.94, 1.30
23.03, 0.94, 1.30
23.04, 0.94, 1.31
23.05, 0.94, 1.30
23.05, 0.94, 1.30
23.06, 0.94, 1.30
23.07, 0.94, 1.30
23.08, 0.94, 1.30
23.09, 0.94, 1.30
23.10, 0.94, 1.30
23.11, 0.94, 1.29
23.12, 0.93, 1.30
23.13, 0.94, 1.29
23.14, 0.94, 1.30
23.14, 0.94, 1.30
23.15, 0.94, 1.30
23.16, 0.94, 1.30
23.17, 0.93, 1.30
23.18, 0.93, 1.30
23.19, 0.93, 1.30
23.20, 0.93, 1.29
23.21, 0.93, 1.29
23.22, 0.93, 1.29
23.23, 0.93, 1.30
23.23, 0.93, 1.29
23.24, 0.93, 1.29
23.25, 0.93, 1.29
23.26, 0.93, 1.30
23.27, 0.93, 1.30
23.28, 0.89, 1.29
23.29, 0.92, 1.30
23.30, 0.92, 1.29
23.31, 0.92, 1.32
23.32, 0.92, 1.29
23.32, 0.92, 1.28
23.33, 0.93, 1.29
23.34, 0.92, 1.29
23.35, 0.93, 1.29
23.36, 0.93, 1.29
23.37, 0.95, 1.29
23.38, 0.92, 1.29
23.39, 0.93, 1.29
23.40, 0.91, 1.29
23.41, 0.93, 1.30
23.41, 0.93, 1.29
23.42, 0.93, 1.31
23.43, 0.90, 1.29
23.44, 0.93, 1.29
23.45, 0.94, 1.26
23.46, 0.93, 1.28
23.47, 0.93, 1.29
23.48, 0.93, 1.29
23.49, 0.93, 1.29
23.50, 0.93, 1.29
23.50, 0.93, 1.29
23.51, 0.92, 1.29
23.52, 0.93, 1.29
23.53, 0.93, 1.29
23.54, 0.94, 1.29
23.55, 0.93, 1.30
23.56, 0.93, 1.29
23.57, 0.93, 1.30
23.58, 0.93, 1.30
23.59, 0.93, 1.29
23.59, 0.93, 1.29
23.60, 0.93, 1.29
23.61, 0.93, 1.29
23.62, 0.93, 1.29
23.63, 0.93, 1.30
23.64, 0.93, 1.29
23.65, 0.93, 1.29
23.66, 0.93, 1.29
23.67, 0.93, 1.29
23.68, 0.93, 1.29
23.68, 0.93, 1.29
23.69, 0.93, 1.29
23.70, 0.93, 1.29
23.71, 0.93, 1.30
23.72, 0.93, 1.29
23.73, 0.93, 1.29
23.74, 0.93, 1.30
23.75, 0.93, 1.29
23.76, 0.93, 1.30
23.77, 0.93, 1.30
23.78, 0.93, 1.29
23.78, 0.93, 1.29
23.79, 0.93, 1.29
23.80, 0.93, 1.29
23.81, 0.93, 1.29
23.82, 0.93, 1.29
23.83, 0.93, 1.29
23.84, 0.93, 1.29
23.85, 0.93, 1.29
23.86, 0.93, 1.29
23.87, 0.93, 1.29
23.87, 0.92, 1.29
23.88, 0.94, 1.28
23.89, 0.93, 1.29
23.90, 0.93, 1.29
23.91, 0.93, 1.29
23.92, 0.93, 1.29
23.93, 0.93, 1.29
23.94, 0.93, 1.29
23.95, 0.93, 1.29
23.96, 0.93, 1.29
23.96, 0.93, 1.29
23.97, 0.93, 1.29
23.98, 0.93, 1.29
23.99, 0.93, 1.29
24.00, 0.93, 1.29
24.01, 0.93, 1.29
24.02, 0.93, 1.29
24.03, 0.93, 1.29
24.04, 0.93, 1.29
24.05, 0.93, 1.28
24.05, 0.93, 1.29
24.06, 0.92, 1.29
24.07, 0.93, 1.29
24.08, 0.93, 1.28
24.09, 0.93, 1.29
24.10, 0.92, 1.30
24.11, 0.93, 1.29
24.12, 0.93, 1.29
24.13, 0.92, 1.29
24.14, 0.92, 1.29
24.14, 0.92, 1.29
24.15, 0.90, 1.29
24.16, 0.92, 1.29
24.17, 0.92, 1.29
24.18, 0.93, 1.29
24.19, 0.92, 1.29
24.20, 0.92, 1.29
24.21, 0.92, 1.29
24.22, 0.92, 1.28
24.23, 0.92, 1.28
24.23, 0.92, 1.28
24.24, 0.93, 1.28
24.25, 0.92, 1.28
24.26, 0.92, 1.29
24.27, 0.92, 1.28
24.28, 0.92, 1.29
24.29, 0.92, 1.29
24.30, 0.92, 1.28
24.31, 0.92, 1.28
24.32, 0.92, 1.28
24.32, 0.92, 1.28
24.33, 0.92, 1.28
24.34, 0.92, 1.28
24.35, 0.92, 1.28
24.36, 0.92, 1.28
24.37, 0.92, 1.28
24.38, 0.92, 1.28
24.39, 0.92, 1.28
24.40, 0.92, 1.27
24.41, 0.92, 1.27
24.41, 0.91, 1.27
24.42, 0.93, 1.27
24.43, 0.91, 1.27
24.44, 0.99, 1.28
24.45, 0.90, 1.27
24.46, 0.92, 1.28
24.47, 0.88, 1.27
24.48, 0.92, 1.28
24.49, 0.92, 1.27
24.50, 0.91, 1.30
24.50, 0.92, 1.27
24.51, 0.92, 1.27
24.52, 0.92, 1.27
24.53, 0.91, 1.27
24.54, 0.92, 1.27
24.55, 0.91, 1.27
24.56, 0.93, 1.27
24.57, 0.90, 1.27
24.58, 0.95, 1.27
24.59, 0.92, 1.28
24.59, 0.92, 1.28
24.60, 0.92, 1.28
24.61, 0.92, 1.28
24.62, 0.92, 1.27
24.63, 0.92, 1.27
24.64, 0.92, 1.27
24.65, 0.92, 1.28
24.66, 0.92, 1.27
24.67, 0.92, 1.27
24.68, 0.92, 1.27
24.68, 0.91, 1.27
24.69, 0.91, 1.27
24.70, 0.91, 1.27
24.71, 0.91, 1.27
24.72, 0.91, 1.27
24.73, 0.91, 1.27
24.74, 0.91, 1.27
24.75, 0.91, 1.27
24.76, 0.91, 1.26
24.77, 0.88, 1.26
24.78, 0.91, 1.27
24.78, 0.90, 1.27
24.79, 0.91, 1.27
24.80, 0.91, 1.27
24.81, 0.91, 1.27
24.82, 0.90, 1.27
24.83, 0.91, 1.27
24.84, 0.90, 1.26
24.85, 0.91, 1.27
24.86, 0.92, 1.27
24.87, 0.91, 1.27
24.87, 0.91, 1.27
24.88, 0.91, 1.27
24.89, 0.92, 1.27
24.90, 0.91, 1.27
24.91, 0.92, 1.27
24.92, 0.91, 1.27
24.93, 0.93, 1.27
24.94, 0.91, 1.27
24.95, 0.91, 1.26
24.96, 0.91, 1.26
24.96, 0.91, 1.27
24.97, 0.91, 1.27
24.98, 0.91, 1.27
24.99, 0.91, 1.27
25.00, 0.91, 1.27
25.01, 0.91, 1.27
25.02, 0.91, 1.27
25.03, 0.91, 1.27
25.04, 0.91, 1.27
25.05, 0.92, 1.27
25.05, 0.91, 1.27
25.06, 0.92, 1.27
25.07, 0.91, 1.27
25.08, 0.92, 1.27
25.09, 0.91, 1.27
25.10, 0.92, 1.27
25.11, 0.91, 1.27
25.12, 0.91, 1.27
25.13, 0.91, 1.27
25.14, 0.92, 1.27
25.14, 0.91, 1.27
25.15, 0.92, 1.27
25.16, 0.92, 1.27
25.17, 0.92, 1.27
25.18, 0.92, 1.25
25.19, 0.92, 1.26
25.20, 0.92, 1.27
25.21, 0.92, 1.27
25.22, 0.92, 1.28
25.23, 0.92, 1.27
25.23, 0.92, 1.27
25.24, 0.92, 1.27
25.25, 0.92, 1.27
25.26, 0.92, 1.27
25.27, 0.92, 1.27
25.28, 0.91, 1.28
25.29, 0.91, 1.28
25.30, 0.92, 1.28
25.31, 0.91, 1.28
25.32, 0.92, 1.27
25.32, 0.92, 1.27
25.33, 0.92, 1.27
25.34, 0.92, 1.28
25.35, 0.92, 1.28
25.36, 0.91, 1.27
25.37, 0.93, 1.27
25.38, 0.92, 1.27
25.39, 0.92, 1.27
25.40, 0.92, 1.24
25.41, 0.91, 1.26
25.41, 0.92, 1.28
25.42, 0.92, 1.28
25.43, 0.92, 1.28
25.44, 0.92, 1.27
25.45, 0.92, 1.27
25.46, 0.92, 1.27
25.47, 0.91, 1.28
25.48, 0.92, 1.27
25.49, 0.92, 1.28
25.50, 0.91, 1.28
25.50, 0.91, 1.27
25.51, 0.91, 1.27
25.52, 0.92, 1.27
25.53, 0.92, 1.27
25.54, 0.91, 1.27
25.55, 0.92, 1.27
25.56, 0.91, 1.27
25.57, 0.92, 1.27
25.58, 0.91, 1.27
25.59, 0.91, 1.27
25.59, 0.92, 1.27
25.60, 0.91, 1.26
25.61, 0.94, 1.27
25.62, 0.90, 1.27
25.63, 0.91, 1.27
25.64, 0.87, 1.26
25.65, 0.91, 1.28
25.66, 0.91, 1.27
25.67, 0.91, 1.27
25.68, 0.91, 1.25
25.68, 0.91, 1.26
25.69, 0.91, 1.26
25.70, 0.91, 1.26
25.71, 0.91, 1.26
25.72, 0.90, 1.26
25.73, 0.93, 1.26
25.74, 0.90, 1.26
25.75, 0.91, 1.27
25.76, 0.90, 1.26
25.77, 0.91, 1.27
25.78, 0.91, 1.27
25.78, 0.91, 1.27
25.79, 0.91, 1.26
25.80, 0.91, 1.26
25.81, 0.91, 1.26
25.82, 0.91, 1.26
25.83, 0.91, 1.27
25.84, 0.91, 1.27
25.85, 0.91, 1.26
25.86, 0.91, 1.27
25.87, 0.91, 1.27
25.87, 0.91, 1.26
25.88, 0.91, 1.27
25.89, 0.91, 1.27
25.90, 0.91, 1.27
25.91, 0.91, 1.27
25.92, 0.91, 1.27
25.93, 0.91, 1.27
25.94, 0.91, 1.27
25.95, 0.91, 1.27
25.96, 0.91, 1.27
25.96, 0.91, 1.27
25.97, 0.91, 1.26
25.98, 0.91, 1.26
25.99, 0.91, 1.27
26.00, 0.91, 1.27
26.01, 0.91, 1.27
26.02, 0.91, 1.26
26.03, 0.91, 1.27
26.04, 0.91, 1.27
26.05, 0.91, 1.27
26.05, 0.91, 1.27
26.06, 0.90, 1.27
26.07, 0.91, 1.27
26.08, 0.91, 1.27
26.09, 0.91, 1.27
26.10, 0.91, 1.26
26.11, 0.91, 1.26
26.12, 0.91, 1.27
26.13, 0.91, 1.27
26.14, 0.91, 1.27
26.14, 0.91, 1.27
26.15, 0.91, 1.27
26.16, 0.91, 1.27
26.17, 0.91, 1.27
26.18, 0.91, 1.27
26.19, 0.92, 1.27
26.20, 0.91, 1.27
26.21, 0.91, 1.27
26.22, 0.91, 1.27
26.23, 0.91, 1.27
26.23, 0.91, 1.27
26.24, 0.91, 1.28
26.25, 0.89, 1.27
26.26, 0.91, 1.27
26.27, 0.91, 1.27
26.28, 0.91, 1.27
26.29, 0.91, 1.27
26.30, 0.91, 1.27
26.31, 0.91, 1.23
26.32, 0.91, 1.25
26.32, 0.91, 1.26
26.33, 0.91, 1.26
26.34, 0.91, 1.26
26.35, 0.91, 1.26
26.36, 0.91, 1.27
26.37, 0.91, 1.26
26.38, 0.91, 1.27
26.39, 0.91, 1.27
26.40, 0.91, 1.27
26.41, 0.91, 1.27
26.41, 0.91, 1.27
26.42, 0.91, 1.27
26.43, 0.91, 1.27
26.44, 0.91, 1.27
26.45, 0.91, 1.27
26.46, 0.92, 1.27
26.47, 0.91, 1.27
26.48, 0.91, 1.27
26.49, 0.91, 1.27
26.50, 0.92, 1.27
26.50, 0.91, 1.27
26.51, 0.91, 1.27
26.52, 0.92, 1.27
26.53, 0.92, 1.27
26.54, 0.92, 1.27
26.55, 0.92, 1.27
26.56, 0.91, 1.27
26.57, 0.92, 1.28
26.58, 0.92, 1.28
26.59, 0.92, 1.28
26.59, 0.92, 1.28
26.60, 0.92, 1.28
26.61, 0.92, 1.28
26.62, 0.92, 1.28
26.63, 0.92, 1.27
26.64, 0.92, 1.28
26.65, 0.92, 1.27
26.66, 0.92, 1.27
26.67, 0.92, 1.27
26.68, 0.92, 1.27
26.68, 0.92, 1.27
26.69, 0.92, 1.27
26.70, 0.92, 1.27
26.71, 0.92, 1.27
26.72, 0.92, 1.27
26.73, 0.92, 1.28
26.74, 0.91, 1.27
26.75, 0.91, 1.29
26.76, 0.91, 1.27
26.77, 0.91, 1.27
26.78, 0.91, 1.25
26.78, 0.91, 1.26
26.79, 0.91, 1.26
26.80, 0.91, 1.27
26.81, 0.92, 1.27
26.82, 0.91, 1.27
26.83, 0.93, 1.27
26.84, 0.90, 1.27
26.85, 0.91, 1.27
26.86, 0.88, 1.27
26.87, 0.91, 1.28
26.87, 0.91, 1.27
26.88, 0.92, 1.30
26.89, 0.91, 1.27
26.90, 0.91, 1.27
26.91, 0.91, 1.26
26.92, 0.92, 1.27
26.93, 0.92, 1.27
26.94, 0.92, 1.27
26.95, 0.92, 1.27
26.96, 0.92, 1.27
26.96, 0.92, 1.28
26.97, 0.92, 1.28
26.98, 0.92, 1.28
26.99, 0.92, 1.28
27.00, 0.92, 1.28
27.01, 0.92, 1.28
27.02, 0.92, 1.28
27.03, 0.92, 1.28
27.04, 0.92, 1.28
27.05, 0.92, 1.28
27.05, 0.92, 1.28
27.06, 0.93, 1.28
27.07, 0.92, 1.28
27.08, 0.92, 1.28
27.09, 0.92, 1.27
27.10, 0.92, 1.28
27.11, 0.91, 1.27
27.12, 0.92, 1.27
27.13, 0.92, 1.27
27.14, 0.92, 1.27
27.14, 0.92, 1.28
27.15, 0.92, 1.27
27.16, 0.91, 1.27
27.17, 0.91, 1.27
27.18, 0.91, 1.26
27.19, 0.91, 1.27
27.20, 0.91, 1.25
27.21, 0.91, 1.26
27.22, 0.91, 1.27
27.23, 0.91, 1.27
27.23, 0.92, 1.28
27.24, 0.91, 1.27
27.25, 0.91, 1.27
27.26, 0.91, 1.27
27.27, 0.91, 1.27
27.28, 0.91, 1.27
27.29, 0.91, 1.27
27.30, 0.91, 1.26
27.31, 0.91, 1.27
27.32, 0.91, 1.26
27.32, 0.91, 1.26
27.33, 0.91, 1.26
27.34, 0.91, 1.26
27.35, 0.91, 1.26
27.36, 0.91, 1.27
27.37, 0.90, 1.27
27.38, 0.91, 1.27
27.39, 0.91, 1.27
27.40, 0.91, 1.26
27.41, 0.91, 1.26
27.41, 0.91, 1.26
27.42, 0.91, 1.27
27.43, 0.91, 1.27
27.44, 0.91, 1.27
27.45, 0.91, 1.26
27.46, 0.91, 1.26
27.47, 0.91, 1.26
27.48, 0.91, 1.26
27.49, 0.91, 1.26
27.50, 0.90, 1.26
27.50, 0.91, 1.26
27.51, 0.91, 1.26
27.52, 0.91, 1.26
27.53, 0.91, 1.26
27.54, 0.91, 1.26
27.55, 0.91, 1.26
27.56, 0.91, 1.26
27.57, 0.91, 1.26
27.58, 0.91, 1.27
27.59, 0.91, 1.26
27.59, 0.91, 1.26
27.60, 0.91, 1.27
27.61, 0.91, 1.26
27.62, 0.91, 1.26
27.63, 0.91, 1.26
27.64, 0.91, 1.26
27.65, 0.91, 1.27
27.66, 0.91, 1.27
27.67, 0.91, 1.27
27.68, 0.91, 1.27
27.68, 0.91, 1.26
27.69, 0.91, 1.27
27.70, 0.91, 1.27
27.71, 0.91, 1.27
27.72, 0.91, 1.27
27.73, 0.91, 1.27
27.74, 0.91, 1.27
27.75, 0.91, 1.27
27.76, 0.91, 1.26
27.77, 0.91, 1.26
27.78, 0.91, 1.27
27.78, 0.91, 1.27
27.79, 0.91, 1.27
27.80, 0.91, 1.27
27.81, 0.91, 1.27
27.82, 0.91, 1.26
27.83, 0.91, 1.26
27.84, 0.91, 1.27
27.85, 0.91, 1.27
27.86, 0.91, 1.27
27.87, 0.91, 1.27
27.87, 0.92, 1.26
27.88, 0.91, 1.25
27.89, 0.91, 1.26
27.90, 0.91, 1.27
27.91, 0.86, 1.26
27.92, 0.90, 1.27
27.93, 0.91, 1.26
27.94, 0.90, 1.12
27.95, 0.91, 1.20
27.96, 0.91, 1.24
27.96, 0.91, 1.25
27.97, 0.91, 1.26
27.98, 0.91, 1.26
27.99, 0.91, 1.26
28.00, 0.92, 1.26
28.01, 0.90, 1.26
28.02, 0.91, 1.26
28.03, 0.88, 1.26
28.04, 0.91, 1.27
28.05, 0.91, 1.27
28.05, 0.91, 1.29
28.06, 0.91, 1.26
28.07, 0.91, 1.27
28.08, 0.91, 1.26
28.09, 0.91, 1.27
28.10, 0.91, 1.27
28.11, 0.91, 1.27
28.12, 0.93, 1.27
28.13, 0.91, 1.26
28.14, 0.91, 1.26
28.14, 0.91, 1.27
28.15, 0.92, 1.26
28.16, 0.91, 1.26
28.17, 0.91, 1.26
28.18, 0.91, 1.26
28.19, 0.91, 1.27
28.20, 0.91, 1.26
28.21, 0.91, 1.26
28.22, 0.91, 1.26
28.23, 0.91, 1.26
28.23, 0.91, 1.27
28.24, 0.91, 1.27
28.25, 0.91, 1.27
28.26, 0.91, 1.27
28.27, 0.91, 1.27
28.28, 0.91, 1.27
28.29, 0.91, 1.27
28.30, 0.91, 1.26
28.31, 0.91, 1.27
28.32, 0.91, 1.27
28.32, 0.91, 1.27
28.33, 0.91, 1.27
28.34, 0.92, 1.27
28.35, 0.92, 1.27
28.36, 0.91, 1.27
28.37, 0.90, 1.27
28.38, 0.91, 1.27
28.39, 0.91, 1.27
28.40, 0.91, 1.27
28.41, 0.91, 1.27
28.41, 0.91, 1.27
28.42, 0.91, 1.27
28.43, 0.91, 1.27
28.44, 0.91, 1.26
28.45, 0.91, 1.27
28.46, 0.91, 1.27
28.47, 0.91, 1.26
28.48, 0.91, 1.27
28.49, 0.91, 1.27
28.50, 0.91, 1.27
28.50, 0.91, 1.26
28.51, 0.91, 1.26
28.52, 0.91, 1.27
28.53, 0.91, 1.26
28.54, 0.91, 1.26
28.55, 0.91, 1.26
28.56, 0.91, 1.26
28.57, 0.91, 1.26
28.58, 0.91, 1.25
28.59, 0.90, 1.26
28.59, 0.90, 1.26
28.60, 0.90, 1.26
28.61, 0.90, 1.25
28.62, 0.90, 1.26
28.63, 0.90, 1.26
28.64, 0.90, 1.26
28.65, 0.90, 1.26
28.66, 0.91, 1.26
28.67, 0.90, 1.25
28.68, 0.89, 1.25
28.69, 0.90, 1.25
28.69, 0.91, 1.26
28.70, 0.90, 1.26
28.71, 0.90, 1.25
28.72, 0.90, 1.26
28.73, 0.90, 1.26
28.74, 0.90, 1.25
28.75, 0.90, 1.26
28.76, 0.90, 1.25
28.77, 0.90, 1.25
28.78, 0.90, 1.26
28.78, 0.90, 1.26
28.79, 0.90, 1.26
28.80, 0.90, 1.25
28.81, 0.90, 1.26
28.82, 0.90, 1.26
28.83, 0.90, 1.26
28.84, 0.90, 1.26
28.85, 0.90, 1.26
28.86, 0.90, 1.26
28.87, 0.90, 1.26
28.87, 0.91, 1.27
28.88, 0.91, 1.26
28.89, 0.90, 1.26
28.90, 0.90, 1.26
28.91, 0.90, 1.26
28.92, 0.91, 1.26
28.93, 0.90, 1.26
28.94, 0.91, 1.26
28.95, 0.90, 1.26
28.96, 0.90, 1.26
28.96, 0.90, 1.26
28.97, 0.90, 1.25
28.98, 0.90, 1.26
28.99, 0.90, 1.26
29.00, 0.90, 1.26
29.01, 0.90, 1.26
29.02, 0.90, 1.26
29.03, 0.90, 1.25
29.04, 0.90, 1.25
29.05, 0.89, 1.25
29.05, 0.90, 1.25
29.06, 0.89, 1.25
29.07, 0.92, 1.26
29.08, 0.89, 1.25
29.09, 0.90, 1.26
29.10, 0.86, 1.26
29.11, 0.90, 1.27
29.12, 0.90, 1.25
29.13, 0.90, 1.29
29.14, 0.90, 1.26
29.14, 0.90, 1.26
29.15, 0.90, 1.25
29.16, 0.90, 1.26
29.17, 0.91, 1.26
29.18, 0.90, 1.26
29.19, 0.92, 1.26
29.20, 0.89, 1.25
29.21, 0.93, 1.26
29.22, 0.89, 1.26
29.23, 0.91, 1.26
29.23, 0.91, 1.27
29.24, 0.91, 1.27
29.25, 0.91, 1.27
29.26, 0.90, 1.26
29.27, 0.90, 1.26
29.28, 0.90, 1.26
29.29, 0.90, 1.26
29.30, 0.90, 1.26
29.31, 0.90, 1.26
29.32, 0.90, 1.26
29.32, 0.90, 1.26
29.33, 0.90, 1.26
29.34, 0.90, 1.26
29.35, 0.90, 1.25
29.36, 0.90, 1.26
29.37, 0.89, 1.26
29.38, 0.90, 1.26
29.39, 0.90, 1.26
29.40, 0.90, 1.26
29.41, 0.90, 1.26
29.41, 0.90, 1.26
29.42, 0.90, 1.26
29.43, 0.90, 1.26
29.44, 0.90, 1.26
29.45, 0.90, 1.27
29.46, 0.90, 1.26
29.47, 0.90, 1.26
29.48, 0.90, 1.26
29.49, 0.90, 1.26
29.50, 0.90, 1.26
29.50, 0.90, 1.26
29.51, 0.90, 1.25
29.52, 0.90, 1.26
29.53, 0.90, 1.26
29.54, 0.90, 1.26
29.55, 0.90, 1.26
29.56, 0.90, 1.26
29.57, 0.90, 1.26
29.58, 0.90, 1.25
29.59, 0.90, 1.25
29.59, 0.90, 1.25
29.60, 0.90, 1.26
29.61, 0.90, 1.26
29.62, 0.90, 1.26
29.63, 0.87, 1.26
29.64, 0.90, 1.26
29.65, 0.90, 1.26
29.66, 0.90, 1.26
29.67, 0.90, 1.26
29.68, 0.90, 1.26
29.69, 0.90, 1.26
29.69, 0.91, 1.26
29.70, 0.91, 1.26
29.71, 0.90, 1.26
29.72, 0.90, 1.26
29.73, 0.90, 1.26
29.74, 0.91, 1.26
29.75, 0.90, 1.26
29.76, 0.90, 1.26
29.77, 0.90, 1.26
29.78, 0.90, 1.23
29.78, 0.91, 1.25
29.79, 0.90, 1.25
29.80, 0.90, 1.25
29.81, 0.90, 1.25
29.82, 0.90, 1.25
29.83, 0.89, 1.25
29.84, 0.90, 1.26
29.85, 0.90, 1.25
29.86, 0.90, 1.26
29.87, 0.90, 1.26
29.87, 0.90, 1.25
29.88, 0.90, 1.25
29.89, 0.90, 1.25
29.90, 0.90, 1.26
29.91, 0.91, 1.26
29.92, 0.90, 1.26
29.93, 0.90, 1.26
29.94, 0.90, 1.26
29.95, 0.90, 1.26
29.96, 0.90, 1.26
29.96, 0.90, 1.26
29.97, 0.90, 1.25
29.98, 0.90, 1.25
29.99, 0.90, 1.25
30.00, 0.90, 1.26
30.01, 0.90, 1.25
30.02, 0.90, 1.25
30.03, 0.90, 1.26
30.04, 0.90, 1.26
30.05, 0.90, 1.26
30.05, 0.90, 1.26
30.06, 0.90, 1.26
30.07, 0.90, 1.26
30.08, 0.90, 1.26
30.09, 0.91, 1.26
30.10, 0.90, 1.26
30.11, 0.90, 1.26
30.12, 0.90, 1.26
30.13, 0.90, 1.26
30.14, 0.90, 1.25
30.14, 0.90, 1.26
30.15, 0.90, 1.25
30.16, 0.90, 1.25
30.17, 0.90, 1.25
30.18, 0.89, 1.25
30.19, 0.90, 1.25
30.20, 0.89, 1.25
30.21, 0.93, 1.25
30.22, 0.88, 1.25
30.23, 0.89, 1.25
30.23, 0.89, 1.25
30.24, 0.89, 1.26
30.25, 0.90, 1.25
30.26, 0.90, 1.25
30.27, 0.90, 1.24
30.28, 0.89, 1.25
30.29, 0.90, 1.25
30.30, 0.89, 1.25
30.31, 0.90, 1.25
30.32, 0.89, 1.25
30.32, 0.92, 1.25
30.33, 0.89, 1.25
30.34, 0.90, 1.25
30.35, 0.87, 1.25
30.36, 0.90, 1.26
30.37, 0.90, 1.26
30.38, 0.93, 1.25
30.39, 0.90, 1.26
30.40, 0.90, 1.25
30.41, 0.90, 1.25
30.41, 0.90, 1.25
30.42, 0.90, 1.25
30.43, 0.90, 1.26
30.44, 0.90, 1.25
30.45, 0.90, 1.26
30.46, 0.90, 1.26
30.47, 0.90, 1.26
30.48, 0.90, 1.26
30.49, 0.90, 1.25
30.50, 0.90, 1.26
30.50, 0.90, 1.26
30.51, 0.90, 1.26
30.52, 0.90, 1.26
30.53, 0.90, 1.26
30.54, 0.90, 1.25
30.55, 0.90, 1.25
30.56, 0.90, 1.26
30.57, 0.90, 1.26
30.58, 0.90, 1.26
30.59, 0.90, 1.26
30.59, 0.90, 1.26
30.60, 0.90, 1.26
30.61, 0.90, 1.25
30.62, 0.90, 1.25
30.63, 0.90, 1.25
30.64, 0.90, 1.25
30.65, 0.90, 1.26
30.66, 0.90, 1.26
30.67, 0.90, 1.25
30.68, 0.90, 1.25
30.69, 0.90, 1.25
30.69, 0.90, 1.26
30.70, 0.90, 1.26
30.71, 0.90, 1.27
30.72, 0.90, 1.26
30.73, 0.90, 1.26
30.74, 0.90, 1.26
30.75, 0.90, 1.26
30.76, 0.90, 1.27
30.77, 0.90, 1.26
30.78, 0.90, 1.26
30.78, 0.90, 1.26
30.79, 0.89, 1.26
30.80, 0.90, 1.26
30.81, 0.90, 1.26
30.82, 0.90, 1.25
30.83, 0.90, 1.25
30.84, 0.90, 1.25
30.85, 0.90, 1.25
30.86, 0.90, 1.25
30.87, 0.90, 1.25
30.87, 0.90, 1.25
30.88, 0.90, 1.25
30.89, 0.90, 1.25
30.90, 0.89, 1.25
30.91, 0.90, 1.25
30.92, 0.89, 1.23
30.93, 0.89, 1.24
30.94, 0.89, 1.25
30.95, 0.89, 1.25
30.96, 0.89, 1.25
30.96, 0.90, 1.25
30.97, 0.89, 1.25
30.98, 0.89, 1.25
30.99, 0.89, 1.25
31.00, 0.89, 1.25
31.01, 0.89, 1.25
31.02, 0.89, 1.25
31.03, 0.89, 1.25
31.04, 0.89, 1.25
31.05, 0.89, 1.25
31.05, 0.89, 1.25
31.06, 0.89, 1.25
31.07, 0.89, 1.25
31.08, 0.89, 1.25
31.09, 0.89, 1.25
31.10, 0.89, 1.25
31.11, 0.89, 1.25
31.12, 0.89, 1.25
31.13, 0.89, 1.25
31.14, 0.89, 1.25
31.14, 0.89, 1.25
31.15, 0.90, 1.25
31.16, 0.89, 1.24
31.17, 0.89, 1.25
31.18, 0.89, 1.25
31.19, 0.89, 1.25
31.20, 0.89, 1.25
31.21, 0.89, 1.25
31.22, 0.89, 1.25
31.23, 0.89, 1.25
31.23, 0.89, 1.25
31.24, 0.89, 1.25
31.25, 0.89, 1.27
31.26, 0.89, 1.26
31.27, 0.89, 1.25
31.28, 0.89, 1.25
31.29, 0.89, 1.25
31.30, 0.89, 1.25
31.31, 0.89, 1.25
31.32, 0.89, 1.25
31.32, 0.89, 1.25
31.33, 0.89, 1.25
31.34, 0.92, 1.25
31.35, 0.88, 1.24
31.36, 0.88, 1.24
31.37, 0.86, 1.24
31.38, 0.88, 1.25
31.39, 0.88, 1.24
31.40, 0.88, 1.26
31.41, 0.89, 1.24
31.41, 0.88, 1.24
31.42, 0.87, 1.22
31.43, 0.88, 1.24
31.44, 0.89, 1.24
31.45, 0.89, 1.24
31.46, 0.90, 1.24
31.47, 0.89, 1.24
31.48, 0.90, 1.25
31.49, 0.88, 1.25
31.50, 0.92, 1.25
31.50, 0.87, 1.25
31.51, 0.89, 1.25
31.52, 0.86, 1.25
31.53, 0.89, 1.25
31.54, 0.89, 1.25
31.55, 0.89, 1.25
31.56, 0.89, 1.25
31.57, 0.89, 1.25
31.58, 0.89, 1.25
31.59, 0.89, 1.25
31.59, 0.89, 1.25
31.60, 0.89, 1.25
31.61, 0.89, 1.25
31.62, 0.89, 1.25
31.63, 0.89, 1.25
31.64, 0.89, 1.25
31.65, 0.89, 1.25
31.66, 0.89, 1.25
31.67, 0.89, 1.25
31.68, 0.88, 1.25
31.69, 0.89, 1.25
31.69, 0.85, 1.25
31.70, 0.89, 1.25
31.71, 0.89, 1.25
31.72, 0.89, 1.25
31.73, 0.89, 1.25
31.74, 0.89, 1.25
31.75, 0.89, 1.25
31.76, 0.90, 1.25
31.77, 0.89, 1.25
31.78, 0.89, 1.25
31.78, 0.90, 1.25
31.79, 0.89, 1.25
31.80, 0.90, 1.26
31.81, 0.90, 1.26
31.82, 0.89, 1.25
31.83, 0.90, 1.25
31.84, 0.89, 1.25
31.85, 0.89, 1.25
31.86, 0.89, 1.25
31.87, 0.89, 1.25
31.87, 0.89, 1.25
31.88, 0.89, 1.25
31.89, 0.89, 1.25
31.90, 0.89, 1.25
31.91, 0.89, 1.25
31.92, 0.90, 1.25
31.93, 0.89, 1.25
31.94, 0.90, 1.25
31.95, 0.89, 1.25
31.96, 0.89, 1.25
31.96, 0.89, 1.25
31.97, 0.90, 1.24
31.98, 0.89, 1.25
31.99, 0.89, 1.25
32.00, 0.89, 1.25
32.01, 0.89, 1.25
32.02, 0.89, 1.25
32.03, 0.89, 1.25
32.04, 0.89, 1.25
32.05, 0.89, 1.25
32.05, 0.89, 1.25
32.06, 0.89, 1.25
32.07, 0.89, 1.25
32.08, 0.89, 1.25
32.09, 0.89, 1.25
32.10, 0.89, 1.25
32.11, 0.89, 1.25
32.12, 0.89, 1.25
32.13, 0.89, 1.25
32.14, 0.89, 1.25
32.14, 0.89, 1.25
32.15, 0.89, 1.25
32.16, 0.89, 1.25
32.17, 0.89, 1.25
32.18, 0.89, 1.25
32.19, 0.89, 1.25
32.20, 0.89, 1.25
32.21, 0.89, 1.24
32.22, 0.89, 1.25
32.23, 0.89, 1.24
32.23, 0.89, 1.24
32.24, 0.89, 1.25
32.25, 0.89, 1.25
32.26, 0.89, 1.25
32.27, 0.89, 1.25
32.28, 0.89, 1.25
32.29, 0.89, 1.25
32.30, 0.89, 1.24
32.31, 0.88, 1.24
32.32, 0.88, 1.24
32.32, 0.88, 1.24
32.33, 0.88, 1.24
32.34, 0.88, 1.24
32.35, 0.88, 1.24
32.36, 0.88, 1.24
32.37, 0.88, 1.23
32.38, 0.88, 1.24
32.39, 0.88, 1.24
32.40, 0.88, 1.24
32.41, 0.88, 1.24
32.41, 0.88, 1.24
32.42, 0.87, 1.23
32.43, 0.88, 1.23
32.44, 0.87, 1.23
32.45, 0.87, 1.23
32.46, 0.87, 1.23
32.47, 0.87, 1.23
32.48, 0.87, 1.23
32.49, 0.87, 1.23
32.50, 0.87, 1.23
32.50, 0.87, 1.23
32.51, 0.87, 1.21
32.52, 0.87, 1.22
32.53, 0.86, 1.22
32.54, 0.87, 1.23
32.55, 0.88, 1.23
32.56, 0.87, 1.23
32.57, 0.90, 1.23
32.58, 0.86, 1.22
32.59, 0.87, 1.23
32.59, 0.84, 1.22
32.60, 0.87, 1.23
32.61, 0.87, 1.23
32.62, 0.87, 1.26
32.63, 0.87, 1.23
32.64, 0.87, 1.23
32.65, 0.87, 1.21
32.66, 0.87, 1.22
32.67, 0.88, 1.23
32.68, 0.87, 1.23
32.69, 0.89, 1.23
32.69, 0.90, 1.24
32.70, 0.88, 1.23
32.71, 0.88, 1.24
32.72, 0.88, 1.23
32.73, 0.88, 1.23
32.74, 0.88, 1.24
32.75, 0.88, 1.23
32.76, 0.84, 1.23
32.77, 0.88, 1.24
32.78, 0.88, 1.24
32.78, 0.88, 1.23
32.79, 0.88, 1.24
32.80, 0.87, 1.23
32.81, 0.88, 1.23
32.82, 0.88, 1.24
32.83, 0.88, 1.24
32.84, 0.88, 1.21
32.85, 0.88, 1.22
32.86, 0.88, 1.23
32.87, 0.88, 1.24
32.87, 0.88, 1.23
32.88, 0.88, 1.23
32.89, 0.88, 1.23
32.90, 0.88, 1.24
32.91, 0.88, 1.24
32.92, 0.88, 1.22
32.93, 0.88, 1.23
32.94, 0.88, 1.23
32.95, 0.88, 1.24
32.96, 0.88, 1.24
32.96, 0.88, 1.24
32.97, 0.88, 1.25
32.98, 0.88, 1.24
32.99, 0.88, 1.24
33.00, 0.88, 1.24
33.01, 0.88, 1.23
33.02, 0.88, 1.24
33.03, 0.88, 1.24
33.04, 0.88, 1.24
33.05, 0.88, 1.24
33.05, 0.88, 1.23
33.06, 0.86, 1.23
33.07, 0.87, 1.23
33.08, 0.90, 1.23
33.09, 0.88, 1.23
33.10, 0.82, 1.23
33.11, 0.87, 1.22
33.12, 0.87, 1.23
33.13, 0.87, 1.23
33.14, 0.88, 1.23
33.14, 0.87, 1.23
33.15, 0.87, 1.23
33.16, 0.88, 1.23
33.17, 0.87, 1.23
33.18, 0.88, 1.23
33.19, 0.88, 1.24
33.20, 0.88, 1.24
33.21, 0.88, 1.24
33.22, 0.89, 1.24
33.23, 0.88, 1.24
33.23, 0.88, 1.24
33.24, 0.88, 1.23
33.25, 0.88, 1.23
33.26, 0.88, 1.23
33.27, 0.88, 1.23
33.28, 0.88, 1.24
33.29, 0.88, 1.23
33.30, 0.88, 1.24
33.31, 0.88, 1.24
33.32, 0.88, 1.24
33.32, 0.88, 1.24
33.33, 0.88, 1.24
33.34, 0.88, 1.24
33.35, 0.88, 1.24
33.36, 0.88, 1.24
33.37, 0.88, 1.24
33.38, 0.88, 1.24
33.39, 0.88, 1.23
33.40, 0.88, 1.23
33.41, 0.88, 1.23
33.41, 0.88, 1.24
33.42, 0.88, 1.24
33.43, 0.88, 1.24
33.44, 0.88, 1.24
33.45, 0.88, 1.23
33.46, 0.88, 1.24
33.47, 0.88, 1.23
33.48, 0.88, 1.23
33.49, 0.88, 1.24
33.50, 0.88, 1.24
33.50, 0.88, 1.24
33.51, 0.88, 1.24
33.52, 0.88, 1.24
33.53, 0.88, 1.23
33.54, 0.87, 1.23
33.55, 0.88, 1.24
33.56, 0.88, 1.24
33.57, 0.88, 1.24
33.58, 0.88, 1.23
33.59, 0.88, 1.23
33.59, 0.88, 1.23
33.60, 0.87, 1.23
33.61, 0.87, 1.23
33.62, 0.87, 1.23
33.63, 0.87, 1.23
33.64, 0.87, 1.23
33.65, 0.87, 1.23
33.66, 0.87, 1.23
33.67, 0.87, 1.23
33.68, 0.87, 1.23
33.69, 0.87, 1.23
33.69, 0.87, 1.23
33.70, 0.87, 1.23
33.71, 0.87, 1.23
33.72, 0.89, 1.23
33.73, 0.87, 1.22
33.74, 0.91, 1.23
33.75, 0.85, 1.23
33.76, 0.87, 1.23
33.77, 0.87, 1.23
33.78, 0.87, 1.25
33.78, 0.87, 1.23
33.79, 0.87, 1.23
33.80, 0.87, 1.20
33.81, 0.87, 1.21
33.82, 0.87, 1.22
33.83, 0.85, 1.22
33.84, 0.87, 1.22
33.85, 0.87, 1.22
33.86, 0.89, 1.23
33.87, 0.87, 1.23
33.87, 0.87, 1.22
33.88, 0.87, 1.23
33.89, 0.87, 1.23
33.90, 0.87, 1.23
33.91, 0.87, 1.23
33.92, 0.87, 1.23
33.93, 0.87, 1.23
33.94, 0.87, 1.23
33.95, 0.87, 1.23
33.96, 0.87, 1.23
33.96, 0.87, 1.23
33.97, 0.87, 1.23
33.98, 0.87, 1.23
33.99, 0.87, 1.23
34.00, 0.87, 1.23
34.01, 0.87, 1.23
34.02, 0.87, 1.23
34.03, 0.87, 1.23
34.04, 0.87, 1.23
34.05, 0.87, 1.19
34.05, 0.87, 1.21
34.06, 0.87, 1.25
34.07, 0.87, 1.24
34.08, 0.87, 1.22
34.09, 0.87, 1.22
34.10, 0.87, 1.21
34.11, 0.87, 1.22
34.12, 0.87, 1.21
34.13, 0.87, 1.22
34.14, 0.87, 1.23
34.14, 0.87, 1.23
34.15, 0.87, 1.23
34.16, 0.87, 1.22
34.17, 0.87, 1.23
34.18, 0.87, 1.22
34.19, 0.87, 1.23
34.20, 0.87, 1.23
34.21, 0.87, 1.22
34.22, 0.87, 1.23
34.23, 0.87, 1.23
34.23, 0.87, 1.24
34.24, 0.87, 1.23
34.25, 0.87, 1.23
34.26, 0.87, 1.23
34.27, 0.87, 1.23
34.28, 0.86, 1.25
34.29, 0.87, 1.23
34.30, 0.87, 1.23
34.31, 0.87, 1.22
34.32, 0.87, 1.22
34.32, 0.87, 1.22
34.33, 0.87, 1.22
34.34, 0.87, 1.22
34.35, 0.87, 1.22
34.36, 0.86, 1.22
34.37, 0.87, 1.22
34.38, 0.86, 1.22
34.39, 0.87, 1.22
34.40, 0.88, 1.22
34.41, 0.87, 1.22
34.41, 0.86, 1.22
34.42, 0.86, 1.22
34.43, 0.84, 1.22
34.44, 0.86, 1.22
34.45, 0.86, 1.21
34.46, 0.86, 1.22
34.47, 0.86, 1.22
34.48, 0.86, 1.22
34.49, 0.86, 1.22
34.50, 0.86, 1.22
34.50, 0.86, 1.22
34.51, 0.86, 1.22
34.52, 0.86, 1.22
34.53, 0.86, 1.21
34.54, 0.85, 1.21
34.55, 0.86, 1.21
34.56, 0.86, 1.21
34.57, 0.86, 1.21
34.58, 0.86, 1.21
34.59, 0.86, 1.21
34.59, 0.86, 1.21
34.60, 0.86, 1.22
34.61, 0.86, 1.21
34.62, 0.87, 1.22
34.63, 0.86, 1.22
34.64, 0.86, 1.22
34.65, 0.86, 1.22
34.66, 0.86, 1.22
34.67, 0.86, 1.22
34.68, 0.86, 1.22
34.69, 0.86, 1.22
34.69, 0.86, 1.22
34.70, 0.86, 1.22
34.71, 0.86, 1.22
34.72, 0.86, 1.22
34.73, 0.87, 1.22
34.74, 0.87, 1.22
34.75, 0.86, 1.22
34.76, 0.86, 1.23
34.77, 0.86, 1.22
34.78, 0.87, 1.21
34.78, 0.87, 1.22
34.79, 0.87, 1.22
34.80, 0.87, 1.20
34.81, 0.87, 1.21
34.82, 0.87, 1.22
34.83, 0.86, 1.22
34.84, 0.83, 1.21
34.85, 0.86, 1.23
34.86, 0.86, 1.22
34.87, 0.86, 1.25
34.87, 0.87, 1.22
34.88, 0.86, 1.20
34.89, 0.87, 1.21
34.90, 0.86, 1.22
34.91, 0.87, 1.22
34.92, 0.86, 1.22
34.93, 0.88, 1.22
34.94, 0.86, 1.21
34.95, 0.88, 1.23
34.96, 0.84, 1.23
34.96, 0.86, 1.23
34.97, 0.87, 1.23
34.98, 0.86, 1.24
34.99, 0.86, 1.22
35.00, 0.86, 1.22
35.01, 0.86, 1.22
35.02, 0.87, 1.22
35.03, 0.87, 1.23
35.04, 0.87, 1.23
35.05, 0.87, 1.22
35.05, 0.87, 1.22
35.06, 0.87, 1.22
35.07, 0.87, 1.22
35.08, 0.87, 1.23
35.09, 0.87, 1.23
35.10, 0.87, 1.23
35.11, 0.87, 1.22
35.12, 0.87, 1.22
35.13, 0.87, 1.22
35.14, 0.87, 1.20
35.14, 0.87, 1.21
35.15, 0.87, 1.22
35.16, 0.87, 1.23
35.17, 0.87, 1.23
35.18, 0.87, 1.23
35.19, 0.87, 1.23
35.20, 0.87, 1.23
35.21, 0.87, 1.22
35.22, 0.87, 1.22
35.23, 0.87, 1.22
35.23, 0.83, 1.22
35.24, 0.87, 1.22
35.25, 0.87, 1.22
35.26, 0.87, 1.22
35.27, 0.87, 1.22
35.28, 0.87, 1.22
35.29, 0.86, 1.22
35.30, 0.87, 1.22
35.31, 0.86, 1.22
35.32, 0.86, 1.22
35.32, 0.86, 1.22
35.33, 0.86, 1.22
35.34, 0.86, 1.22
35.35, 0.86, 1.22
35.36, 0.86, 1.22
35.37, 0.86, 1.22
35.38, 0.86, 1.21
35.39, 0.86, 1.22
35.40, 0.86, 1.21
35.41, 0.86, 1.22
35.41, 0.86, 1.22
35.42, 0.86, 1.22
35.43, 0.86, 1.21
35.44, 0.86, 1.22
35.45, 0.86, 1.22
35.46, 0.86, 1.21
35.47, 0.86, 1.22
35.48, 0.86, 1.22
35.49, 0.86, 1.22
35.50, 0.87, 1.22
35.50, 0.86, 1.21
35.51, 0.86, 1.21
35.52, 0.88, 1.22
35.53, 0.86, 1.21
35.54, 0.89, 1.22
35.55, 0.86, 1.23
35.56, 0.85, 1.22
35.57, 0.86, 1.22
35.58, 0.86, 1.22
35.59, 0.86, 1.22
35.59, 0.86, 1.22
35.60, 0.86, 1.22
35.61, 0.86, 1.21
35.62, 0.86, 1.22
35.63, 0.86, 1.22
35.64, 0.86, 1.22
35.65, 0.86, 1.22
35.66, 0.86, 1.22
35.67, 0.86, 1.22
35.68, 0.87, 1.22
35.69, 0.86, 1.22
35.69, 0.86, 1.22
35.70, 0.87, 1.22
35.71, 0.86, 1.22
35.72, 0.86, 1.22
35.73, 0.86, 1.22
35.74, 0.86, 1.22
35.75, 0.86, 1.22
35.76, 0.86, 1.22
35.77, 0.86, 1.22
35.78, 0.86, 1.22
35.78, 0.86, 1.22
35.79, 0.85, 1.22
35.80, 0.86, 1.22
35.81, 0.86, 1.22
35.82, 0.86, 1.22
35.83, 0.86, 1.22
35.84, 0.86, 1.21
35.85, 0.87, 1.22
35.86, 0.86, 1.22
35.87, 0.91, 1.21
35.87, 0.86, 1.21
35.88, 0.86, 1.21
35.89, 0.86, 1.21
35.90, 0.86, 1.21
35.91, 0.86, 1.22
35.92, 0.86, 1.21
35.93, 0.86, 1.21
35.94, 0.86, 1.21
35.95, 0.85, 1.21
35.96, 0.85, 1.21
35.96, 0.85, 1.21
35.97, 0.85, 1.21
35.98, 0.85, 1.21
35.99, 0.85, 1.21
36.00, 0.85, 1.21
36.01, 0.83, 1.21
36.02, 0.85, 1.22
36.03, 0.85, 1.20
36.04, 0.85, 1.20
36.05, 0.85, 1.18
36.05, 0.85, 1.20
36.06, 0.85, 1.20
36.07, 0.85, 1.21
36.08, 0.86, 1.21
36.09, 0.85, 1.21
36.10, 0.88, 1.21
36.11, 0.85, 1.21
36.12, 0.85, 1.21
36.13, 0.82, 1.21
36.14, 0.85, 1.21
36.14, 0.85, 1.21
36.15, 0.85, 1.24
36.16, 0.85, 1.21
36.17, 0.85, 1.21
36.18, 0.86, 1.20
36.19, 0.86, 1.21
36.20, 0.86, 1.21
36.21, 0.86, 1.21
36.22, 0.86, 1.21
36.23, 0.86, 1.22
36.23, 0.86, 1.22
36.24, 0.86, 1.22
36.25, 0.86, 1.22
36.26, 0.86, 1.22
36.27, 0.86, 1.21
36.28, 0.87, 1.22
36.29, 0.86, 1.23
36.30, 0.86, 1.22
36.31, 0.86, 1.22
36.32, 0.84, 1.22
36.32, 0.86, 1.22
36.33, 0.82, 1.21
36.34, 0.86, 1.22
36.35, 0.86, 1.22
36.36, 0.86, 1.22
36.37, 0.86, 1.22
36.38, 0.86, 1.21
36.39, 0.86, 1.21
36.40, 0.86, 1.21
36.41, 0.86, 1.21
36.41, 0.86, 1.22
36.42, 0.86, 1.22
36.43, 0.86, 1.21
36.44, 0.86, 1.21
36.45, 0.86, 1.21
36.46, 0.86, 1.21
36.47, 0.86, 1.22
36.48, 0.86, 1.22
36.49, 0.86, 1.22
36.50, 0.86, 1.22
36.50, 0.86, 1.22
36.51, 0.86, 1.22
36.52, 0.86, 1.22
36.53, 0.86, 1.22
36.54, 0.86, 1.22
36.55, 0.86, 1.22
36.56, 0.86, 1.22
36.57, 0.86, 1.22
36.58, 0.86, 1.22
36.59, 0.86, 1.21
36.60, 0.86, 1.22
36.60, 0.86, 1.22
36.61, 0.86, 1.22
36.62, 0.86, 1.22
36.63, 0.87, 1.22
36.64, 0.86, 1.22
36.65, 0.86, 1.22
36.66, 0.86, 1.22
36.67, 0.86, 1.22
36.68, 0.86, 1.22
36.69, 0.86, 1.19
36.69, 0.86, 1.21
36.70, 0.86, 1.21
36.71, 0.86, 1.22
36.72, 0.86, 1.22
36.73, 0.86, 1.22
36.74, 0.86, 1.22
36.75, 0.86, 1.21
36.76, 0.86, 1.23
36.77, 0.86, 1.22
36.78, 0.87, 1.22
36.78, 0.86, 1.23
36.79, 0.86, 1.22
36.80, 0.86, 1.22
36.81, 0.86, 1.22
36.82, 0.86, 1.22
36.83, 0.86, 1.22
36.84, 0.86, 1.22
36.85, 0.87, 1.22
36.86, 0.87, 1.22
36.87, 0.87, 1.22
36.87, 0.87, 1.22
36.88, 0.87, 1.21
36.89, 0.87, 1.22
36.90, 0.87, 1.22
36.91, 0.87, 1.22
36.92, 0.87, 1.22
36.93, 0.87, 1.22
36.94, 0.87, 1.22
36.95, 0.87, 1.22
36.96, 0.86, 1.23
36.96, 0.87, 1.23
36.97, 0.87, 1.24
36.98, 0.87, 1.23
36.99, 0.87, 1.22
37.00, 0.87, 1.22
37.01, 0.86, 1.22
37.02, 0.87, 1.22
37.03, 0.87, 1.22
37.04, 0.86, 1.22
37.05, 0.86, 1.22
37.05, 0.86, 1.22
37.06, 0.83, 1.22
37.07, 0.86, 1.22
37.08, 0.86, 1.21
37.09, 0.86, 1.24
37.10, 0.86, 1.22
37.11, 0.86, 1.22
37.12, 0.86, 1.21
37.13, 0.86, 1.21
37.14, 0.86, 1.21
37.14, 0.86, 1.21
37.15, 0.86, 1.21
37.16, 0.85, 1.23
37.17, 0.85, 1.21
37.18, 0.85, 1.26
37.19, 0.85, 1.21
37.20, 0.85, 1.21
37.21, 0.85, 1.20
37.22, 0.85, 1.20
37.23, 0.85, 1.20
37.23, 0.85, 1.21
37.24, 0.87, 1.21
37.25, 0.84, 1.20
37.26, 0.85, 1.21
37.27, 0.83, 1.21
37.28, 0.85, 1.22
37.29, 0.85, 1.21
37.30, 0.85, 1.23
37.31, 0.85, 1.21
37.32, 0.85, 1.21
37.32, 0.85, 1.18
37.33, 0.85, 1.20
37.34, 0.82, 1.20
37.35, 0.86, 1.21
37.36, 0.86, 1.21
37.37, 0.86, 1.22
37.38, 0.86, 1.21
37.39, 0.86, 1.21
37.40, 0.86, 1.21
37.41, 0.86, 1.18
37.41, 0.86, 1.20
37.42, 0.86, 1.21
37.43, 0.86, 1.21
37.44, 0.86, 1.22
37.45, 0.86, 1.24
37.46, 0.86, 1.23
37.47, 0.86, 1.22
37.48, 0.85, 1.22
37.49, 0.86, 1.22
37.50, 0.86, 1.22
37.50, 0.86, 1.22
37.51, 0.86, 1.22
37.52, 0.86, 1.22
37.53, 0.86, 1.22
37.54, 0.86, 1.22
37.55, 0.86, 1.21
37.56, 0.86, 1.22
37.57, 0.86, 1.21
37.58, 0.86, 1.22
37.59, 0.86, 1.22
37.60, 0.86, 1.22
37.60, 0.86, 1.22
37.61, 0.86, 1.22
37.62, 0.86, 1.22
37.63, 0.86, 1.22
37.64, 0.86, 1.22
37.65, 0.86, 1.22
37.66, 0.86, 1.22
37.67, 0.86, 1.22
37.68, 0.86, 1.22
37.69, 0.86, 1.22
37.69, 0.86, 1.22
37.70, 0.87, 1.22
37.71, 0.86, 1.22
37.72, 0.86, 1.22
37.73, 0.86, 1.22
37.74, 0.86, 1.22
37.75, 0.86, 1.22
37.76, 0.86, 1.21
37.77, 0.86, 1.22
37.78, 0.86, 1.22
37.78, 0.86, 1.22
37.79, 0.86, 1.22
37.80, 0.86, 1.22
37.81, 0.86, 1.22
37.82, 0.86, 1.22
37.83, 0.86, 1.22
37.84, 0.86, 1.22
37.85, 0.86, 1.22
37.86, 0.86, 1.22
37.87, 0.86, 1.22
37.87, 0.86, 1.22
37.88, 0.86, 1.22
37.89, 0.86, 1.22
37.90, 0.86, 1.22
37.91, 0.86, 1.22
37.92, 0.86, 1.19
37.93, 0.86, 1.21
37.94, 0.86, 1.22
37.95, 0.86, 1.22
37.96, 0.86, 1.22
37.96, 0.86, 1.22
37.97, 0.86, 1.21
37.98, 0.86, 1.21
37.99, 0.86, 1.22
38.00, 0.86, 1.22
38.01, 0.86, 1.22
38.02, 0.86, 1.21
38.03, 0.86, 1.22
38.04, 0.86, 1.21
38.05, 0.86, 1.22
38.05, 0.86, 1.21
38.06, 0.86, 1.21
38.07, 0.86, 1.21
38.08, 0.86, 1.22
38.09, 0.86, 1.22
38.10, 0.86, 1.22
38.11, 0.86, 1.22
38.12, 0.86, 1.22
38.13, 0.86, 1.21
38.14, 0.86, 1.21
38.14, 0.90, 1.22
38.15, 0.86, 1.22
38.16, 0.86, 1.22
38.17, 0.86, 1.22
38.18, 0.86, 1.22
38.19, 0.86, 1.22
38.20, 0.86, 1.22
38.21, 0.87, 1.22
38.22, 0.86, 1.22
38.23, 0.86, 1.22
38.23, 0.86, 1.19
38.24, 0.86, 1.21
38.25, 0.86, 1.22
38.26, 0.86, 1.22
38.27, 0.86, 1.22
38.28, 0.86, 1.21
38.29, 0.86, 1.21
38.30, 0.86, 1.22
38.31, 0.86, 1.22
38.32, 0.86, 1.22
38.32, 0.86, 1.22
38.33, 0.86, 1.22
38.34, 0.86, 1.21
38.35, 0.86, 1.21
38.36, 0.86, 1.19
38.37, 0.86, 1.20
38.38, 0.86, 1.21
38.39, 0.85, 1.21
38.40, 0.87, 1.21
38.41, 0.85, 1.21
38.41, 0.90, 1.21
38.42, 0.84, 1.21
38.43, 0.86, 1.21
38.44, 0.86, 1.21
38.45, 0.86, 1.22
38.46, 0.86, 1.21
38.47, 0.86, 1.23
38.48, 0.86, 1.21
38.49, 0.86, 1.21
38.50, 0.86, 1.18
38.50, 0.86, 1.20
38.51, 0.86, 1.20
38.52, 0.86, 1.21
38.53, 0.86, 1.21
38.54, 0.86, 1.22
38.55, 0.86, 1.22
38.56, 0.86, 1.22
38.57, 0.86, 1.21
38.58, 0.86, 1.21
38.59, 0.86, 1.22
38.60, 0.86, 1.21
38.60, 0.85, 1.22
38.61, 0.86, 1.22
38.62, 0.86, 1.22
38.63, 0.86, 1.21
38.64, 0.86, 1.22
38.65, 0.86, 1.22
38.66, 0.86, 1.22
38.67, 0.86, 1.22
38.68, 0.86, 1.22
38.69, 0.86, 1.21
38.69, 0.86, 1.22
38.70, 0.86, 1.21
38.71, 0.86, 1.22
38.72, 0.86, 1.21
38.73, 0.86, 1.22
38.74, 0.86, 1.22
38.75, 0.86, 1.21
38.76, 0.86, 1.22
38.77, 0.86, 1.22
38.78, 0.86, 1.21
38.78, 0.86, 1.21
38.79, 0.86, 1.21
38.80, 0.86, 1.21
38.81, 0.86, 1.22
38.82, 0.86, 1.22
38.83, 0.86, 1.23
38.84, 0.86, 1.22
38.85, 0.86, 1.22
38.86, 0.86, 1.21
38.87, 0.86, 1.21
38.87, 0.86, 1.21
38.88, 0.86, 1.23
38.89, 0.86, 1.22
38.90, 0.86, 1.22
38.91, 0.86, 1.22
38.92, 0.86, 1.22
38.93, 0.86, 1.21
38.94, 0.86, 1.21
38.95, 0.86, 1.21
38.96, 0.86, 1.21
38.96, 0.86, 1.21
38.97, 0.85, 1.21
38.98, 0.85, 1.21
38.99, 0.86, 1.22
39.00, 0.86, 1.22
39.01, 0.86, 1.22
39.02, 0.86, 1.21
39.03, 0.86, 1.21
39.04, 0.86, 1.21
39.05, 0.86, 1.21
39.05, 0.86, 1.21
39.06, 0.86, 1.21
39.07, 0.85, 1.21
39.08, 0.86, 1.21
39.09, 0.85, 1.21
39.10, 0.86, 1.21
39.11, 0.86, 1.21
39.12, 0.86, 1.21
39.13, 0.86, 1.21
39.14, 0.86, 1.21
39.14, 0.86, 1.22
39.15, 0.82, 1.22
39.16, 0.86, 1.22
39.17, 0.86, 1.22
39.18, 0.86, 1.22
39.19, 0.86, 1.22
39.20, 0.86, 1.22
39.21, 0.86, 1.22
39.22, 0.86, 1.22
39.23, 0.86, 1.22
39.23, 0.86, 1.22
39.24, 0.86, 1.22
39.25, 0.86, 1.22
39.26, 0.87, 1.23
39.27, 0.87, 1.23
39.28, 0.87, 1.22
39.29, 0.86, 1.23
39.30, 0.87, 1.22
39.31, 0.87, 1.22
39.32, 0.87, 1.22
39.32, 0.86, 1.22
39.33, 0.87, 1.22
39.34, 0.86, 1.22
39.35, 0.86, 1.22
39.36, 0.86, 1.22
39.37, 0.86, 1.22
39.38, 0.86, 1.22
39.39, 0.87, 1.22
39.40, 0.86, 1.22
39.41, 0.86, 1.22
39.41, 0.86, 1.22
39.42, 0.86, 1.22
39.43, 0.86, 1.22
39.44, 0.86, 1.21
39.45, 0.86, 1.21
39.46, 0.86, 1.21
39.47, 0.86, 1.21
39.48, 0.86, 1.22
39.49, 0.86, 1.22
39.50, 0.86, 1.21
39.50, 0.86, 1.21
39.51, 0.85, 1.20
39.52, 0.85, 1.20
39.53, 0.85, 1.18
39.54, 0.86, 1.20
39.55, 0.85, 1.20
39.56, 0.85, 1.20
39.57, 0.86, 1.21
39.58, 0.85, 1.20
39.59, 0.89, 1.21
39.60, 0.84, 1.21
39.60, 0.85, 1.21
39.61, 0.83, 1.20
39.62, 0.85, 1.22
39.63, 0.85, 1.20
39.64, 0.85, 1.20
39.65, 0.85, 1.18
39.66, 0.86, 1.20
39.67, 0.85, 1.20
39.68, 0.85, 1.20
39.69, 0.85, 1.21
39.69, 0.85, 1.21
39.70, 0.85, 1.20
39.71, 0.85, 1.21
39.72, 0.86, 1.21
39.73, 0.85, 1.22
39.74, 0.85, 1.21
39.75, 0.86, 1.21
39.76, 0.85, 1.21
39.77, 0.85, 1.21
39.78, 0.85, 1.21
39.78, 0.86, 1.21
39.79, 0.86, 1.21
39.80, 0.86, 1.21
39.81, 0.86, 1.21
39.82, 0.86, 1.21
39.83, 0.86, 1.21
39.84, 0.85, 1.22
39.85, 0.85, 1.21
39.86, 0.86, 1.21
39.87, 0.85, 1.21
39.87, 0.85, 1.21
39.88, 0.85, 1.21
39.89, 0.85, 1.21
39.90, 0.85, 1.21
39.91, 0.85, 1.21
39.92, 0.85, 1.21
39.93, 0.85, 1.21
39.94, 0.85, 1.21
39.95, 0.85, 1.21
39.96, 0.85, 1.21
39.96, 0.85, 1.21
39.97, 0.85, 1.21
39.98, 0.85, 1.21
39.99, 0.85, 1.21
40.00, 0.85, 1.21
40.01, 0.85, 1.21
40.02, 0.85, 1.21
40.03, 0.85, 1.21
40.04, 0.86, 1.21
40.05, 0.85, 1.21
40.05, 0.85, 1.20
40.06, 0.85, 1.20
40.07, 0.85, 1.21
40.08, 0.85, 1.20
40.09, 0.85, 1.21
40.10, 0.85, 1.20
40.11, 0.85, 1.20
40.12, 0.85, 1.20
40.13, 0.85, 1.20
40.14, 0.85, 1.20
40.14, 0.85, 1.20
40.15, 0.85, 1.20
40.16, 0.85, 1.20
40.17, 0.85, 1.21
40.18, 0.85, 1.21
40.19, 0.85, 1.21
40.20, 0.85, 1.21
40.21, 0.85, 1.21
40.22, 0.85, 1.21
40.23, 0.85, 1.21
40.23, 0.85, 1.21
40.24, 0.85, 1.21
40.25, 0.85, 1.21
40.26, 0.85, 1.21
40.27, 0.85, 1.21
40.28, 0.86, 1.20
40.29, 0.85, 1.20
40.30, 0.85, 1.21
40.31, 0.85, 1.21
40.32, 0.85, 1.21
40.32, 0.85, 1.21
40.33, 0.85, 1.21
40.34, 0.85, 1.21
40.35, 0.85, 1.21
40.36, 0.85, 1.21
40.37, 0.86, 1.21
40.38, 0.85, 1.21
40.39, 0.86, 1.21
40.40, 0.86, 1.21
40.41, 0.85, 1.21
40.41, 0.85, 1.21
40.42, 0.85, 1.21
40.43, 0.86, 1.21
40.44, 0.85, 1.21
40.45, 0.85, 1.21
40.46, 0.86, 1.21
40.47, 0.86, 1.21
40.48, 0.86, 1.21
40.49, 0.88, 1.22
40.50, 0.86, 1.22
40.50, 0.86, 1.22
40.51, 0.86, 1.22
40.52, 0.86, 1.21
40.53, 0.86, 1.21
40.54, 0.86, 1.21
40.55, 0.86, 1.21
40.56, 0.86, 1.22
40.57, 0.86, 1.21
40.58, 0.86, 1.21
40.59, 0.86, 1.21
40.60, 0.86, 1.21
40.60, 0.86, 1.21
40.61, 0.86, 1.21
40.62, 0.86, 1.21
40.63, 0.86, 1.21
40.64, 0.86, 1.21
40.65, 0.86, 1.22
40.66, 0.86, 1.22
40.67, 0.86, 1.22
40.68, 0.85, 1.21
40.69, 0.85, 1.23
40.69, 0.85, 1.21
40.70, 0.85, 1.21
40.71, 0.85, 1.18
40.72, 0.85, 1.20
40.73, 0.85, 1.20
40.74, 0.85, 1.21
40.75, 0.87, 1.21
40.76, 0.85, 1.23
40.77, 0.88, 1.21
40.78, 0.84, 1.21
40.78, 0.85, 1.21
40.79, 0.81, 1.21
40.80, 0.85, 1.22
40.81, 0.85, 1.21
40.82, 0.85, 1.24
40.83, 0.85, 1.20
40.84, 0.85, 1.20
40.85, 0.84, 1.19
40.86, 0.85, 1.20
40.87, 0.86, 1.21
40.87, 0.85, 1.21
40.88, 0.85, 1.21
40.89, 0.85, 1.21
40.90, 0.85, 1.21
40.91, 0.85, 1.22
40.92, 0.86, 1.21
40.93, 0.86, 1.21
40.94, 0.85, 1.21
40.95, 0.85, 1.22
40.96, 0.85, 1.21
40.96, 0.85, 1.21
40.97, 0.85, 1.21
40.98, 0.85, 1.21
40.99, 0.85, 1.21
41.00, 0.85, 1.21
41.01, 0.85, 1.21
41.02, 0.85, 1.21
41.03, 0.85, 1.21
41.04, 0.85, 1.21
41.05, 0.85, 1.21
41.05, 0.85, 1.21
41.06, 0.85, 1.21
41.07, 0.85, 1.21
41.08, 0.85, 1.21
41.09, 0.85, 1.21
41.10, 0.85, 1.20
41.11, 0.85, 1.21
41.12, 0.85, 1.21
41.13, 0.85, 1.21
41.14, 0.85, 1.21
41.14, 0.85, 1.21
41.15, 0.85, 1.21
41.16, 0.85, 1.21
41.17, 0.85, 1.21
41.18, 0.85, 1.21
41.19, 0.85, 1.21
41.20, 0.85, 1.21
41.21, 0.85, 1.20
41.22, 0.85, 1.21
41.23, 0.85, 1.21
41.23, 0.85, 1.20
41.24, 0.85, 1.20
41.25, 0.85, 1.21
41.26, 0.85, 1.21
41.27, 0.85, 1.21
41.28, 0.86, 1.21
41.29, 0.85, 1.21
41.30, 0.85, 1.21
41.31, 0.85, 1.21
41.32, 0.85, 1.21
41.32, 0.86, 1.21
41.33, 0.85, 1.21
41.34, 0.82, 1.21
41.35, 0.86, 1.21
41.36, 0.86, 1.21
41.37, 0.85, 1.21
41.38, 0.85, 1.21
41.39, 0.85, 1.21
41.40, 0.85, 1.21
41.41, 0.85, 1.21
41.41, 0.85, 1.21
41.42, 0.85, 1.21
41.43, 0.85, 1.21
41.44, 0.85, 1.21
41.45, 0.85, 1.22
41.46, 0.85, 1.21
41.47, 0.85, 1.21
41.48, 0.85, 1.21
41.49, 0.85, 1.21
41.50, 0.85, 1.21
41.50, 0.85, 1.21
41.51, 0.85, 1.21
41.52, 0.85, 1.21
41.53, 0.85, 1.20
41.54, 0.85, 1.21
41.55, 0.85, 1.21
41.56, 0.85, 1.20
41.57, 0.85, 1.20
41.58, 0.85, 1.22
41.59, 0.85, 1.21
41.60, 0.85, 1.21
41.60, 0.85, 1.21
41.61, 0.85, 1.20
41.62, 0.85, 1.20
41.63, 0.84, 1.20
41.64, 0.85, 1.20
41.65, 0.85, 1.20
41.66, 0.85, 1.20
41.67, 0.85, 1.20
41.68, 0.85, 1.20
41.69, 0.85, 1.21
41.69, 0.85, 1.21
41.70, 0.85, 1.21
41.71, 0.85, 1.21
41.72, 0.85, 1.21
41.73, 0.85, 1.20
41.74, 0.85, 1.20
41.75, 0.85, 1.20
41.76, 0.85, 1.20
41.77, 0.85, 1.20
41.78, 0.85, 1.20
41.78, 0.85, 1.20
41.79, 0.85, 1.20
41.80, 0.85, 1.20
41.81, 0.85, 1.21
41.82, 0.85, 1.21
41.83, 0.85, 1.20
41.84, 0.85, 1.22
41.85, 0.85, 1.21
41.86, 0.84, 1.23
41.87, 0.85, 1.20
41.87, 0.84, 1.19
41.88, 0.85, 1.19
41.89, 0.84, 1.18
41.90, 0.86, 1.19
41.91, 0.84, 1.19
41.92, 0.86, 1.19
41.93, 0.84, 1.19
41.94, 0.85, 1.20
41.95, 0.83, 1.21
41.96, 0.85, 1.21
41.96, 0.85, 1.21
41.97, 0.86, 1.22
41.98, 0.85, 1.20
41.99, 0.85, 1.20
42.00, 0.85, 1.18
42.01, 0.85, 1.19
42.02, 0.85, 1.17
42.03, 0.85, 1.19
42.04, 0.85, 1.21
42.05, 0.85, 1.21
42.05, 0.85, 1.21
42.06, 0.85, 1.21
42.07, 0.85, 1.21
42.08, 0.85, 1.21
42.09, 0.85, 1.20
42.10, 0.85, 1.21
42.11, 0.85, 1.21
42.12, 0.85, 1.21
42.13, 0.85, 1.21
42.14, 0.85, 1.21
42.14, 0.85, 1.21
42.15, 0.86, 1.21
42.16, 0.85, 1.21
42.17, 0.86, 1.21
42.18, 0.86, 1.21
42.19, 0.85, 1.21
42.20, 0.85, 1.21
42.21, 0.85, 1.21
42.22, 0.85, 1.21
42.23, 0.85, 1.21
42.23, 0.86, 1.21
42.24, 0.86, 1.21
42.25, 0.86, 1.21
42.26, 0.86, 1.21
42.27, 0.86, 1.21
42.28, 0.86, 1.21
42.29, 0.86, 1.21
42.30, 0.85, 1.21
42.31, 0.85, 1.21
42.32, 0.86, 1.21
42.32, 0.85, 1.21
42.33, 0.86, 1.21
42.34, 0.86, 1.21
42.35, 0.86, 1.22
42.36, 0.86, 1.21
42.37, 0.86, 1.21
42.38, 0.86, 1.21
42.39, 0.86, 1.22
42.40, 0.86, 1.21
42.41, 0.86, 1.22
42.41, 0.86, 1.22
42.42, 0.86, 1.21
42.43, 0.86, 1.21
42.44, 0.86, 1.21
42.45, 0.86, 1.21
42.46, 0.86, 1.21
42.47, 0.85, 1.22
42.48, 0.86, 1.22
42.49, 0.86, 1.22
42.50, 0.85, 1.22
42.50, 0.86, 1.21
42.51, 0.86, 1.21
42.52, 0.86, 1.21
42.53, 0.86, 1.22
42.54, 0.86, 1.22
42.55, 0.86, 1.22
42.56, 0.86, 1.22
42.57, 0.86, 1.22
42.58, 0.86, 1.22
42.59, 0.86, 1.22
42.60, 0.86, 1.22
42.60, 0.86, 1.22
42.61, 0.86, 1.21
42.62, 0.86, 1.21
42.63, 0.86, 1.22
42.64, 0.86, 1.22
42.65, 0.86, 1.22
42.66, 0.86, 1.22
42.67, 0.86, 1.22
42.68, 0.86, 1.22
42.69, 0.86, 1.22
42.69, 0.89, 1.22
42.70, 0.86, 1.22
42.71, 0.86, 1.22
42.72, 0.86, 1.22
42.73, 0.86, 1.22
42.74, 0.86, 1.21
42.75, 0.86, 1.21
42.76, 0.86, 1.21
42.77, 0.86, 1.21
42.78, 0.86, 1.22
42.78, 0.86, 1.22
42.79, 0.86, 1.22
42.80, 0.86, 1.22
42.81, 0.86, 1.22
42.82, 0.86, 1.22
42.83, 0.86, 1.22
42.84, 0.86, 1.22
42.85, 0.86, 1.22
42.86, 0.86, 1.22
42.87, 0.86, 1.22
42.87, 0.86, 1.22
42.88, 0.86, 1.22
42.89, 0.86, 1.24
42.90, 0.86, 1.22
42.91, 0.86, 1.22
42.92, 0.86, 1.22
42.93, 0.86, 1.22
42.94, 0.86, 1.22
42.95, 0.86, 1.21
42.96, 0.86, 1.22
42.96, 0.86, 1.22
42.97, 0.86, 1.20
42.98, 0.85, 1.21
42.99, 0.86, 1.21
43.00, 0.85, 1.21
43.01, 0.86, 1.23
43.02, 0.85, 1.21
43.03, 0.85, 1.21
43.04, 0.85, 1.18
43.05, 0.85, 1.20
43.05, 0.85, 1.21
43.06, 0.84, 1.21
43.07, 0.86, 1.21
43.08, 0.85, 1.20
43.09, 0.88, 1.21
43.10, 0.84, 1.21
43.11, 0.85, 1.21
43.12, 0.78, 1.21
43.13, 0.85, 1.22
43.14, 0.85, 1.21
43.14, 0.85, 1.25
43.15, 0.85, 1.21
43.16, 0.85, 1.21
43.17, 0.85, 1.21
43.18, 0.85, 1.21
43.19, 0.86, 1.21
43.20, 0.86, 1.21
43.21, 0.86, 1.22
43.22, 0.86, 1.21
43.23, 0.86, 1.22
43.23, 0.86, 1.22
43.24, 0.86, 1.22
43.25, 0.86, 1.22
43.26, 0.86, 1.21
43.27, 0.86, 1.21
43.28, 0.86, 1.23
43.29, 0.86, 1.22
43.30, 0.86, 1.22
43.31, 0.86, 1.22
43.32, 0.86, 1.21
43.32, 0.86, 1.21
43.33, 0.86, 1.22
43.34, 0.86, 1.22
43.35, 0.86, 1.22
43.36, 0.86, 1.22
43.37, 0.86, 1.22
43.38, 0.86, 1.22
43.39, 0.86, 1.21
43.40, 0.86, 1.22
43.41, 0.86, 1.22
43.41, 0.86, 1.21
43.42, 0.86, 1.21
43.43, 0.86, 1.22
43.44, 0.86, 1.22
43.45, 0.86, 1.22
43.46, 0.86, 1.21
43.47, 0.86, 1.22
43.48, 0.86, 1.22
43.49, 0.86, 1.22
43.50, 0.86, 1.22
43.50, 0.86, 1.22
43.51, 0.86, 1.22
43.52, 0.86, 1.21
43.53, 0.86, 1.21
43.54, 0.86, 1.21
43.55, 0.86, 1.22
43.56, 0.86, 1.22
43.57, 0.86, 1.22
43.58, 0.86, 1.22
43.59, 0.86, 1.22
43.60, 0.86, 1.21
43.60, 0.86, 1.22
43.61, 0.86, 1.22
43.62, 0.86, 1.22
43.63, 0.85, 1.22
43.64, 0.86, 1.21
43.65, 0.86, 1.21
43.66, 0.86, 1.21
43.67, 0.86, 1.21
43.68, 0.85, 1.21
43.69, 0.85, 1.21
43.69, 0.85, 1.21
43.70, 0.85, 1.21
43.71, 0.85, 1.21
43.72, 0.85, 1.21
43.73, 0.86, 1.22
43.74, 0.85, 1.22
43.75, 0.86, 1.24
43.76, 0.86, 1.22
43.77, 0.85, 1.21
43.78, 0.85, 1.21
43.78, 0.85, 1.21
43.79, 0.85, 1.21
43.80, 0.85, 1.21
43.81, 0.85, 1.21
43.82, 0.86, 1.21
43.83, 0.85, 1.21
43.84, 0.86, 1.21
43.85, 0.85, 1.21
43.86, 0.85, 1.21
43.87, 0.85, 1.21
43.87, 0.85, 1.21
43.88, 0.85, 1.21
43.89, 0.86, 1.21
43.90, 0.85, 1.21
43.91, 0.86, 1.21
43.92, 0.86, 1.21
43.93, 0.85, 1.21
43.94, 0.85, 1.21
43.95, 0.86, 1.21
43.96, 0.86, 1.21
43.96, 0.86, 1.21
43.97, 0.85, 1.21
43.98, 0.86, 1.21
43.99, 0.85, 1.22
44.00, 0.86, 1.22
44.01, 0.83, 1.22
44.02, 0.86, 1.21
44.03, 0.86, 1.21
44.04, 0.86, 1.21
44.05, 0.86, 1.21
44.05, 0.86, 1.22
44.06, 0.86, 1.21
44.07, 0.86, 1.21
44.08, 0.86, 1.21
44.09, 0.85, 1.21
44.10, 0.85, 1.21
44.11, 0.85, 1.21
44.12, 0.85, 1.21
44.13, 0.86, 1.21
44.14, 0.85, 1.21
44.14, 0.85, 1.21
44.15, 0.86, 1.21
44.16, 0.85, 1.21
44.17, 0.85, 1.21
44.18, 0.85, 1.20
44.19, 0.85, 1.21
44.20, 0.86, 1.21
44.21, 0.85, 1.20
44.22, 0.88, 1.20
44.23, 0.84, 1.20
44.23, 0.85, 1.21
44.24, 0.81, 1.20
44.25, 0.85, 1.22
44.26, 0.86, 1.20
44.27, 0.85, 1.18
44.28, 0.85, 1.18
44.29, 0.85, 1.20
44.30, 0.85, 1.20
44.31, 0.85, 1.21
44.32, 0.85, 1.21
44.32, 0.85, 1.21
44.33, 0.87, 1.21
44.34, 0.85, 1.21
44.35, 0.85, 1.21
44.36, 0.83, 1.22
44.37, 0.86, 1.22
44.38, 0.86, 1.21
44.39, 0.86, 1.21
44.40, 0.86, 1.21
44.41, 0.86, 1.21
44.41, 0.86, 1.21
44.42, 0.86, 1.21
44.43, 0.86, 1.21
44.44, 0.86, 1.21
44.45, 0.86, 1.21
44.46, 0.86, 1.21
44.47, 0.86, 1.21
44.48, 0.86, 1.21
44.49, 0.86, 1.22
44.50, 0.86, 1.22
44.51, 0.86, 1.22
44.51, 0.86, 1.21
44.52, 0.86, 1.21
44.53, 0.86, 1.21
44.54, 0.85, 1.21
44.55, 0.86, 1.21
44.56, 0.86, 1.21
44.57, 0.86, 1.21
44.58, 0.86, 1.22
44.59, 0.86, 1.22
44.60, 0.86, 1.21
44.60, 0.86, 1.22
44.61, 0.86, 1.22
44.62, 0.86, 1.21
44.63, 0.86, 1.21
44.64, 0.86, 1.21
44.65, 0.86, 1.21
44.66, 0.86, 1.21
44.67, 0.86, 1.22
44.68, 0.86, 1.22
44.69, 0.86, 1.22
44.69, 0.86, 1.22
44.70, 0.86, 1.22
44.71, 0.86, 1.21
44.72, 0.86, 1.22
44.73, 0.86, 1.22
44.74, 0.86, 1.22
44.75, 0.86, 1.22
44.76, 0.86, 1.22
44.77, 0.86, 1.22
44.78, 0.86, 1.21
44.78, 0.86, 1.21
44.79, 0.86, 1.22
44.80, 0.86, 1.22
44.81, 0.86, 1.22
44.82, 0.86, 1.21
44.83, 0.86, 1.22
44.84, 0.87, 1.22
44.85, 0.86, 1.22
44.86, 0.86, 1.21
44.87, 0.86, 1.21
44.87, 0.86, 1.22
44.88, 0.86, 1.22
44.89, 0.86, 1.22
44.90, 0.86, 1.22
44.91, 0.86, 1.22
44.92, 0.86, 1.22
44.93, 0.86, 1.22
44.94, 0.86, 1.22
44.95, 0.86, 1.22
44.96, 0.86, 1.22
44.96, 0.86, 1.22
44.97, 0.86, 1.22
44.98, 0.86, 1.22
44.99, 0.86, 1.22
45.00, 0.86, 1.22
45.01, 0.86, 1.22
45.02, 0.86, 1.21
45.03, 0.86, 1.22
45.04, 0.86, 1.21
45.05, 0.86, 1.22
45.05, 0.86, 1.21
45.06, 0.86, 1.22
45.07, 0.86, 1.22
45.08, 0.86, 1.22
45.09, 0.86, 1.21
45.10, 0.86, 1.21
45.11, 0.86, 1.22
45.12, 0.86, 1.22
45.13, 0.86, 1.22
45.14, 0.86, 1.22
45.14, 0.86, 1.21
45.15, 0.84, 1.21
45.16, 0.86, 1.21
45.17, 0.86, 1.22
45.18, 0.86, 1.22
45.19, 0.86, 1.21
45.20, 0.86, 1.21
45.21, 0.86, 1.21
45.22, 0.86, 1.22
45.23, 0.86, 1.22
45.23, 0.87, 1.21
45.24, 0.86, 1.21
45.25, 0.86, 1.22
45.26, 0.86, 1.22
45.27, 0.86, 1.22
45.28, 0.86, 1.21
45.29, 0.86, 1.21
45.30, 0.86, 1.21
45.31, 0.86, 1.21
45.32, 0.86, 1.21
45.32, 0.86, 1.21
45.33, 0.86, 1.21
45.34, 0.86, 1.22
45.35, 0.88, 1.22
45.36, 0.85, 1.21
45.37, 0.86, 1.22
45.38, 0.84, 1.21
45.39, 0.85, 1.22
45.40, 0.85, 1.21
45.41, 0.86, 1.22
45.41, 0.85, 1.21
45.42, 0.86, 1.21
45.43, 0.85, 1.18
45.44, 0.85, 1.20
45.45, 0.85, 1.20
45.46, 0.85, 1.21
45.47, 0.86, 1.21
45.48, 0.85, 1.21
45.49, 0.86, 1.21
45.50, 0.85, 1.21
45.51, 0.89, 1.21
45.51, 0.84, 1.21
45.52, 0.85, 1.21
45.53, 0.84, 1.22
45.54, 0.86, 1.22
45.55, 0.86, 1.22
45.56, 0.86, 1.22
45.57, 0.86, 1.22
45.58, 0.86, 1.21
45.59, 0.86, 1.22
45.60, 0.86, 1.22
45.60, 0.86, 1.21
45.61, 0.86, 1.21
45.62, 0.85, 1.21
45.63, 0.85, 1.21
45.64, 0.85, 1.21
45.65, 0.85, 1.21
45.66, 0.85, 1.21
45.67, 0.86, 1.21
45.68, 0.85, 1.21
45.69, 0.85, 1.21
45.69, 0.86, 1.21
45.70, 0.85, 1.21
45.71, 0.86, 1.22
45.72, 0.85, 1.21
45.73, 0.86, 1.21
45.74, 0.86, 1.21
45.75, 0.86, 1.21
45.76, 0.86, 1.21
45.77, 0.86, 1.21
45.78, 0.85, 1.21
45.78, 0.85, 1.21
45.79, 0.86, 1.21
45.80, 0.86, 1.21
45.81, 0.85, 1.21
45.82, 0.86, 1.22
45.83, 0.86, 1.21
45.84, 0.86, 1.21
45.85, 0.86, 1.21
45.86, 0.86, 1.21
45.87, 0.86, 1.22
45.87, 0.86, 1.22
45.88, 0.85, 1.22
45.89, 0.86, 1.21
45.90, 0.86, 1.21
45.91, 0.86, 1.21
45.92, 0.86, 1.21
45.93, 0.86, 1.21
45.94, 0.86, 1.21
45.95, 0.86, 1.21
45.96, 0.86, 1.21
45.96, 0.86, 1.21
45.97, 0.86, 1.21
45.98, 0.86, 1.21
45.99, 0.86, 1.21
46.00, 0.86, 1.21
46.01, 0.86, 1.21
46.02, 0.86, 1.21
46.03, 0.83, 1.21
46.04, 0.86, 1.21
46.05, 0.86, 1.21
46.05, 0.86, 1.21
46.06, 0.85, 1.21
46.07, 0.86, 1.21
46.08, 0.86, 1.21
46.09, 0.86, 1.21
46.10, 0.85, 1.21
46.11, 0.85, 1.21
46.12, 0.86, 1.21
46.13, 0.86, 1.21
46.14, 0.86, 1.21
46.14, 0.86, 1.21
46.15, 0.85, 1.21
46.16, 0.86, 1.21
46.17, 0.86, 1.21
46.18, 0.86, 1.21
46.19, 0.86, 1.20
46.20, 0.86, 1.21
46.21, 0.86, 1.21
46.22, 0.86, 1.21
46.23, 0.86, 1.21
46.23, 0.86, 1.22
46.24, 0.86, 1.21
46.25, 0.86, 1.21
46.26, 0.86, 1.21
46.27, 0.86, 1.21
46.28, 0.85, 1.21
46.29, 0.85, 1.21
46.30, 0.86, 1.21
46.31, 0.85, 1.21
46.32, 0.85, 1.21
46.32, 0.85, 1.21
46.33, 0.86, 1.21
46.34, 0.84, 1.21
46.35, 0.86, 1.21
46.36, 0.85, 1.21
46.37, 0.86, 1.21
46.38, 0.86, 1.21
46.39, 0.86, 1.21
46.40, 0.85, 1.22
46.41, 0.86, 1.21
46.41, 0.85, 1.21
46.42, 0.85, 1.21
46.43, 0.85, 1.21
46.44, 0.85, 1.20
46.45, 0.85, 1.21
46.46, 0.85, 1.21
46.47, 0.85, 1.21
46.48, 0.85, 1.21
46.49, 0.85, 1.21
46.50, 0.85, 1.21
46.51, 0.85, 1.21
46.51, 0.85, 1.21
46.52, 0.88, 1.20
46.53, 0.84, 1.20
46.54, 0.80, 1.20
46.55, 0.82, 1.20
46.56, 0.85, 1.21
46.57, 0.85, 1.20
46.58, 0.85, 1.22
46.59, 0.85, 1.20
46.60, 0.84, 1.20
46.60, 0.85, 1.18
46.61, 0.85, 1.19
46.62, 0.85, 1.18
46.63, 0.85, 1.20
46.64, 0.85, 1.20
46.65, 0.84, 1.20
46.66, 0.87, 1.20
46.67, 0.84, 1.21
46.68, 0.85, 1.21
46.69, 0.81, 1.20
46.69, 0.85, 1.21
46.70, 0.82, 1.21
46.71, 0.85, 1.21
46.72, 0.85, 1.20
46.73, 0.85, 1.21
46.74, 0.85, 1.21
46.75, 0.85, 1.21
46.76, 0.86, 1.21
46.77, 0.85, 1.21
46.78, 0.85, 1.21
46.78, 0.85, 1.21
46.79, 0.85, 1.21
46.80, 0.85, 1.21
46.81, 0.85, 1.21
46.82, 0.85, 1.20
46.83, 0.85, 1.21
46.84, 0.85, 1.21
46.85, 0.85, 1.21
46.86, 0.85, 1.21
46.87, 0.85, 1.21
46.87, 0.85, 1.21
46.88, 0.85, 1.21
46.89, 0.85, 1.21
46.90, 0.85, 1.21
46.91, 0.85, 1.21
46.92, 0.85, 1.21
46.93, 0.85, 1.21
46.94, 0.85, 1.21
46.95, 0.85, 1.21
46.96, 0.85, 1.21
46.96, 0.85, 1.21
46.97, 0.85, 1.21
46.98, 0.85, 1.21
46.99, 0.85, 1.21
47.00, 0.85, 1.20
47.01, 0.85, 1.21
47.02, 0.85, 1.20
47.03, 0.85, 1.20
47.04, 0.85, 1.20
47.05, 0.85, 1.20
47.05, 0.85, 1.20
47.06, 0.84, 1.21
47.07, 0.85, 1.21
47.08, 0.85, 1.20
47.09, 0.85, 1.20
47.10, 0.85, 1.21
47.11, 0.85, 1.19
